{"nextCursorMark": "AoIIQBmT4Cg1NDAzODAwOQ==", "papers": {"PMC12241579": {"downloaded": true, "pdfdownloaded": true, "jsondownloaded": true, "csvmade": false, "htmlmade": false, "id": "40634332", "source": "MED", "pmid": "40634332", "pmcid": "PMC12241579", "fullTextIdList": {"fullTextId": "PMC12241579"}, "doi": "10.1038/s41467-025-61525-3", "title": "A Membraneless Electrochemically Mediated Amine Regeneration for Carbon Capture.", "authorString": "Hassan A, Afshari M, Rahimi M.", "authorList": {"author": [{"fullName": "Hassan A", "firstName": "Ahmad", "lastName": "Hassan", "initials": "A", "authorId": {"@type": "ORCID", "#text": "0000-0001-7857-0685"}, "authorAffiliationDetailsList": {"authorAffiliation": {"affiliation": "Department of Civil and Environmental Engineering, University of Houston, Houston, TX, 77204, USA."}}}, {"fullName": "Afshari M", "firstName": "Mohsen", "lastName": "Afshari", "initials": "M", "authorId": {"@type": "ORCID", "#text": "0009-0000-7096-6546"}, "authorAffiliationDetailsList": {"authorAffiliation": {"affiliation": "Department of Civil and Environmental Engineering, University of Houston, Houston, TX, 77204, USA."}}}, {"fullName": "Rahimi M", "firstName": "Mim", "lastName": "Rahimi", "initials": "M", "authorId": {"@type": "ORCID", "#text": "0000-0003-4443-6239"}, "authorAffiliationDetailsList": {"authorAffiliation": [{"affiliation": "Department of Civil and Environmental Engineering, University of Houston, Houston, TX, 77204, USA. mrahimi@uh.edu."}, {"affiliation": "Materials Science and Engineering Program, University of Houston, Houston, TX, 77204, USA. mrahimi@uh.edu."}]}}]}, "authorIdList": {"authorId": [{"@type": "ORCID", "#text": "0000-0001-7857-0685"}, {"@type": "ORCID", "#text": "0000-0003-4443-6239"}, {"@type": "ORCID", "#text": "0009-0000-7096-6546"}]}, "dataLinksTagsList": {"dataLinkstag": "altmetrics"}, "journalInfo": {"issue": "1", "volume": "16", "journalIssueId": "3968953", "dateOfPublication": "2025 Jul", "monthOfPublication": "7", "yearOfPublication": "2025", "printPublicationDate": "2025-07-01", "journal": {"title": "Nature communications", "ISOAbbreviation": "Nat Commun", "medlineAbbreviation": "Nat Commun", "NLMid": "101528555", "ISSN": "2041-1723", "ESSN": "2041-1723"}}, "pubYear": "2025", "pageInfo": "6333", "abstractText": "Electrochemical carbon capture (ECC) processes offer efficient, scalable, and modular alternatives to conventional thermal-based methods. Among ECCs, electrochemically mediated amine regeneration (EMAR) reached higher technology readiness levels, moving from small-scale laboratory studies toward pilot-scale implementations. Previous EMAR systems rely on ion-selective membranes, which contribute significantly to the cost and present challenges for long-term operation. This study presents a membraneless EMAR system by fundamentally redesigning the process configuration and using gas diffusion electrodes (GDEs) as both the anode and cathode. This setup eliminates the membrane and the need for additional equipment such as the absorption column, flash tank, and pumps, significantly reducing the process footprint and simplifying the flow diagram. Two GDE configurations, mesh-attached and electrodeposited, are tested and compared in terms of CO<sub>2</sub> removal efficiency, current density, and energy consumption. Electrodeposited GDEs achieve CO<sub>2</sub> removal efficiencies above 90% with energy consumption as low as 60\u2009kJ/mol CO<sub>2</sub>. A techno-economic analysis estimates a levelized cost of capture of ~$70/tonneCO<sub>2</sub>, compared to $137/tonneCO<sub>2</sub> for conventional EMAR. Further improvements in current density and removal efficiency may enable costs below $50/tonneCO<sub>2</sub>. These results position the membraneless EMAR as a potentially promising approach for cost-effective and scalable point-source carbon capture.", "affiliation": "Department of Civil and Environmental Engineering, University of Houston, Houston, TX, 77204, USA.", "publicationStatus": "epublish", "language": "eng", "pubModel": "Electronic", "pubTypeList": {"pubType": ["research-article", "Journal Article"]}, "subsetList": {"subset": {"code": "IM", "name": "Index Medicus"}}, "fullTextUrlList": {"fullTextUrl": [{"availability": "Subscription required", "availabilityCode": "S", "documentStyle": "doi", "site": "DOI", "url": "https://doi.org/10.1038/s41467-025-61525-3"}, {"availability": "Open access", "availabilityCode": "OA", "documentStyle": "html", "site": "Europe_PMC", "url": "https://europepmc.org/articles/PMC12241579"}, {"availability": "Open access", "availabilityCode": "OA", "documentStyle": "pdf", "site": "Europe_PMC", "url": "https://europepmc.org/articles/PMC12241579?pdf=render"}]}, "isOpenAccess": "Y", "inEPMC": "Y", "inPMC": "Y", "hasPDF": "Y", "hasBook": "N", "hasSuppl": "Y", "citedByCount": "0", "hasData": "Y", "hasReferences": "Y", "hasTextMinedTerms": "Y", "hasDbCrossReferences": "N", "hasLabsLinks": "Y", "license": "cc by-nc-nd", "hasEvaluations": "N", "authMan": "N", "epmcAuthMan": "N", "nihAuthMan": "N", "hasTMAccessionNumbers": "N", "dateOfCreation": "2025-07-09", "firstIndexDate": "2025-07-10", "fullTextReceivedDate": "2025-07-12", "dateOfRevision": "2025-07-12", "electronicPublicationDate": "2025-07-09", "firstPublicationDate": "2025-07-09"}, "PMC12506593": {"downloaded": true, "pdfdownloaded": true, "jsondownloaded": true, "csvmade": false, "htmlmade": false, "id": "41070182", "source": "MED", "pmid": "41070182", "pmcid": "PMC12506593", "fullTextIdList": {"fullTextId": "PMC12506593"}, "doi": "10.1021/acsanm.5c01071", "title": "Mesoporous Silica Skin on Clay Nanotubes for Carbon Capture.", "authorString": "Wang B, Ajumobi O, He J, Valla JA, John VT.", "authorList": {"author": [{"fullName": "Wang B", "firstName": "Borui", "lastName": "Wang", "initials": "B", "authorId": {"@type": "ORCID", "#text": "0009-0005-4071-1362"}, "authorAffiliationDetailsList": {"authorAffiliation": {"affiliation": "Department of Chemical & Biomolecular Engineering, Tulane University, 6823 St. Charles Avenue, New Orleans, Louisiana 70118, United States."}}}, {"fullName": "Ajumobi O", "firstName": "Oluwole", "lastName": "Ajumobi", "initials": "O", "authorId": {"@type": "ORCID", "#text": "0000-0003-4356-7923"}, "authorAffiliationDetailsList": {"authorAffiliation": {"affiliation": "Department of Chemical & Biomolecular Engineering, Tulane University, 6823 St. Charles Avenue, New Orleans, Louisiana 70118, United States."}}}, {"fullName": "He J", "firstName": "Jibao", "lastName": "He", "initials": "J", "authorId": {"@type": "ORCID", "#text": "0000-0003-1759-7600"}, "authorAffiliationDetailsList": {"authorAffiliation": {"affiliation": "Coordinated Instrumentation Facility, Tulane University, 6823 St. Charles Avenue, New Orleans, Louisiana 70118, United States."}}}, {"fullName": "Valla JA", "firstName": "Julia A", "lastName": "Valla", "initials": "JA", "authorAffiliationDetailsList": {"authorAffiliation": {"affiliation": "Department of Chemical & Biomolecular Engineering, University of Connecticut, Storrs, Connecticut 06269, United States."}}}, {"fullName": "John VT", "firstName": "Vijay T", "lastName": "John", "initials": "VT", "authorId": {"@type": "ORCID", "#text": "0000-0001-5426-7585"}, "authorAffiliationDetailsList": {"authorAffiliation": {"affiliation": "Department of Chemical & Biomolecular Engineering, Tulane University, 6823 St. Charles Avenue, New Orleans, Louisiana 70118, United States."}}}]}, "authorIdList": {"authorId": [{"@type": "ORCID", "#text": "0000-0001-5426-7585"}, {"@type": "ORCID", "#text": "0000-0003-1759-7600"}, {"@type": "ORCID", "#text": "0000-0003-4356-7923"}, {"@type": "ORCID", "#text": "0009-0005-4071-1362"}]}, "journalInfo": {"issue": "25", "volume": "8", "journalIssueId": "3972110", "dateOfPublication": "2025 Jun", "monthOfPublication": "6", "yearOfPublication": "2025", "printPublicationDate": "2025-06-01", "journal": {"title": "ACS applied nano materials", "ISOAbbreviation": "ACS Appl Nano Mater", "medlineAbbreviation": "ACS Appl Nano Mater", "NLMid": "101726750", "ISSN": "2574-0970", "ESSN": "2574-0970"}}, "pubYear": "2025", "pageInfo": "12885-12894", "abstractText": "Amine-based adsorbents are considered extremely promising candidates for their efficacy in CO<sub>2</sub> capture. In this study, we explore the enhancement of CO<sub>2</sub> adsorption capacity through the development of a hierarchically porous material containing a mesoporous silica coating on halloysite nanotubes (HNTs), a naturally occurring clay material. The generation of a mesoporous MCM-41 skin on HNTs increases the surface area from about 60 to 400 m<sup>2</sup>/g while maintaining structural integrity. This significant increase in the surface area helps enhance amine loading. The synthesis of the MCM-41/HNT (MHNT) composite particles was achieved via an aerosol-assisted method, allowing rapid coating formation of a spindle-shaped skin on the HNT external surface and leading to a hierarchical porosity that supports both large pores in the HNT lumen and small pores in the MCM-41 coating. Poly-(ethylenimine) (PEI)-loaded MHNT adsorbents exhibit superior CO<sub>2</sub> adsorption capacities compared to adsorbents of PEI loaded into pristine HNT, with a 27% increase in the adsorption capacity. This work underscores the effectiveness of mesoporous skin in increasing amine adsorption efficiency on clay-based adsorbents, providing a pathway for the development of high-capacity, durable materials in carbon capture technologies.", "affiliation": "Department of Chemical & Biomolecular Engineering, Tulane University, 6823 St. Charles Avenue, New Orleans, Louisiana 70118, United States.", "publicationStatus": "epublish", "language": "eng", "pubModel": "Electronic-eCollection", "pubTypeList": {"pubType": ["research-article", "Journal Article"]}, "grantsList": {"grant": [{"grantId": "1826146", "agency": "National Science Foundation", "orderIn": "0"}, {"grantId": "1826213", "agency": "National Science Foundation", "orderIn": "0"}, {"grantId": "2230769", "agency": "National Science Foundation", "orderIn": "0"}]}, "keywordList": {"keyword": ["polyethylenimine", "MCM-41", "Carbon Capture", "Mesoporous Materials", "Halloysite Nanotubes", "Hierarchical Porosity"]}, "fullTextUrlList": {"fullTextUrl": [{"availability": "Subscription required", "availabilityCode": "S", "documentStyle": "doi", "site": "DOI", "url": "https://doi.org/10.1021/acsanm.5c01071"}, {"availability": "Open access", "availabilityCode": "OA", "documentStyle": "html", "site": "Europe_PMC", "url": "https://europepmc.org/articles/PMC12506593"}, {"availability": "Open access", "availabilityCode": "OA", "documentStyle": "pdf", "site": "Europe_PMC", "url": "https://europepmc.org/articles/PMC12506593?pdf=render"}]}, "isOpenAccess": "Y", "inEPMC": "Y", "inPMC": "Y", "hasPDF": "Y", "hasBook": "N", "hasSuppl": "Y", "citedByCount": "0", "hasData": "Y", "hasReferences": "Y", "hasTextMinedTerms": "Y", "hasDbCrossReferences": "N", "hasLabsLinks": "N", "license": "cc by", "hasEvaluations": "N", "authMan": "N", "epmcAuthMan": "N", "nihAuthMan": "N", "hasTMAccessionNumbers": "N", "dateOfCreation": "2025-10-10", "firstIndexDate": "2025-10-10", "fullTextReceivedDate": "2025-10-10", "dateOfRevision": "2025-10-12", "electronicPublicationDate": "2025-06-17", "firstPublicationDate": "2025-06-17"}, "PMC12304965": {"downloaded": true, "pdfdownloaded": true, "jsondownloaded": true, "csvmade": false, "htmlmade": false, "id": "40668833", "source": "MED", "pmid": "40668833", "pmcid": "PMC12304965", "fullTextIdList": {"fullTextId": "PMC12304965"}, "doi": "10.1073/pnas.2404677122", "title": "How to design better incentives for carbon capture and storage in the United States.", "authorString": "Olmstead SM, Leibowicz BD, Mason CF, Waxman AR, Grubert E, Huber-Rodriguez HR, Stemmler J.", "authorList": {"author": [{"fullName": "Olmstead SM", "firstName": "Sheila M", "lastName": "Olmstead", "initials": "SM", "authorId": {"@type": "ORCID", "#text": "0000-0002-9572-943X"}, "authorAffiliationDetailsList": {"authorAffiliation": [{"affiliation": "Jeb E. Brooks School of Public Policy, Cornell University, Ithaca, NY 14853."}, {"affiliation": "Atkinson Center for Sustainability, Cornell University, Ithaca, NY 14853."}, {"affiliation": "Resources for the Future, Washington, DC 20036."}]}}, {"fullName": "Leibowicz BD", "firstName": "Benjamin D", "lastName": "Leibowicz", "initials": "BD", "authorAffiliationDetailsList": {"authorAffiliation": {"affiliation": "Operations Research and Industrial Engineering, Cockrell School of Engineering, University of Texas at Austin, Austin, TX 78712."}}}, {"fullName": "Mason CF", "firstName": "Charles F", "lastName": "Mason", "initials": "CF", "authorAffiliationDetailsList": {"authorAffiliation": [{"affiliation": "Resources for the Future, Washington, DC 20036."}, {"affiliation": "Department of Economics, College of Business, University of Wyoming, Laramie, WY 82071."}]}}, {"fullName": "Waxman AR", "firstName": "Andrew R", "lastName": "Waxman", "initials": "AR", "authorId": {"@type": "ORCID", "#text": "0000-0002-7804-4025"}, "authorAffiliationDetailsList": {"authorAffiliation": {"affiliation": "LBJ School of Public Affairs, University of Texas at Austin, Austin, TX 78712."}}}, {"fullName": "Grubert E", "firstName": "Emily", "lastName": "Grubert", "initials": "E", "authorId": {"@type": "ORCID", "#text": "0000-0003-2196-7571"}, "authorAffiliationDetailsList": {"authorAffiliation": {"affiliation": "Keough School of Global Affairs, University of Notre Dame, Notre Dame, IN 46556."}}}, {"fullName": "Huber-Rodriguez HR", "firstName": "H R", "lastName": "Huber-Rodriguez", "initials": "HR", "authorAffiliationDetailsList": {"authorAffiliation": {"affiliation": "Beveridge & Diamond PC, Austin, TX 78701."}}}, {"fullName": "Stemmler J", "firstName": "Joseph", "lastName": "Stemmler", "initials": "J", "authorAffiliationDetailsList": {"authorAffiliation": {"affiliation": "CO2RE Hub, Smith School of Enterprise & Environment, Oxford University, Oxford OX1 3QY, United Kingdom."}}}]}, "authorIdList": {"authorId": [{"@type": "ORCID", "#text": "0000-0002-7804-4025"}, {"@type": "ORCID", "#text": "0000-0002-9572-943X"}, {"@type": "ORCID", "#text": "0000-0003-2196-7571"}]}, "dataLinksTagsList": {"dataLinkstag": "altmetrics"}, "journalInfo": {"issue": "29", "volume": "122", "journalIssueId": "3974596", "dateOfPublication": "2025 Jul", "monthOfPublication": "7", "yearOfPublication": "2025", "printPublicationDate": "2025-07-01", "journal": {"title": "Proceedings of the National Academy of Sciences of the United States of America", "ISOAbbreviation": "Proc Natl Acad Sci U S A", "medlineAbbreviation": "Proc Natl Acad Sci U S A", "NLMid": "7505876", "ISSN": "0027-8424", "ESSN": "1091-6490"}}, "pubYear": "2025", "pageInfo": "e2404677122", "affiliation": "Jeb E. Brooks School of Public Policy, Cornell University, Ithaca, NY 14853.", "publicationStatus": "ppublish", "language": "eng", "pubModel": "Print-Electronic", "pubTypeList": {"pubType": ["research-article", "Journal Article"]}, "grantsList": {"grant": [{"grantId": "G-2021-14150", "agency": "Alfred P. Sloan Foundation", "orderIn": "0"}, {"grantId": "G-2021-14150", "agency": "Alfred P. Sloan Foundation (APSF)", "orderIn": "0"}]}, "subsetList": {"subset": {"code": "IM", "name": "Index Medicus"}}, "fullTextUrlList": {"fullTextUrl": [{"availability": "Subscription required", "availabilityCode": "S", "documentStyle": "doi", "site": "DOI", "url": "https://doi.org/10.1073/pnas.2404677122"}, {"availability": "Open access", "availabilityCode": "OA", "documentStyle": "html", "site": "Europe_PMC", "url": "https://europepmc.org/articles/PMC12304965"}, {"availability": "Open access", "availabilityCode": "OA", "documentStyle": "pdf", "site": "Europe_PMC", "url": "https://europepmc.org/articles/PMC12304965?pdf=render"}]}, "isOpenAccess": "Y", "inEPMC": "Y", "inPMC": "Y", "hasPDF": "Y", "hasBook": "N", "hasSuppl": "N", "citedByCount": "0", "hasData": "N", "hasReferences": "Y", "hasTextMinedTerms": "Y", "hasDbCrossReferences": "N", "hasLabsLinks": "Y", "license": "cc by-nc-nd", "hasEvaluations": "N", "authMan": "N", "epmcAuthMan": "N", "nihAuthMan": "N", "hasTMAccessionNumbers": "N", "dateOfCreation": "2025-07-16", "firstIndexDate": "2025-07-16", "fullTextReceivedDate": "2025-07-31", "dateOfRevision": "2025-07-31", "electronicPublicationDate": "2025-07-16", "firstPublicationDate": "2025-07-16"}}}