term,phrase,frequency,paper_count
age model,age model (33 times in 8 papers),33,8
AMOC,AMOC (2407 times in 86 papers),2407,86
AMOC changes,AMOC changes (18 times in 6 papers),18,6
AMOC collapse,AMOC collapse (161 times in 15 papers),161,15
AMOC decline,AMOC decline (34 times in 7 papers),34,7
AMOC index,AMOC index (48 times in 8 papers),48,8
AMOC recovery,AMOC recovery (22 times in 6 papers),22,6
AMOC slowdown,AMOC slowdown (108 times in 13 papers),108,13
AMOC stability,AMOC stability (23 times in 6 papers),23,6
AMOC strength,AMOC strength (145 times in 24 papers),145,24
AMOC variability,AMOC variability (60 times in 9 papers),60,9
AMOC weakening,AMOC weakening (233 times in 25 papers),233,25
Antarctica,Antarctica (78 times in 13 papers),78,13
Arctic,Arctic (53 times in 7 papers),53,7
Arctic Ocean,Arctic Ocean (72 times in 7 papers),72,7
Arctic sea ice,Arctic sea ice (31 times in 8 papers),31,8
Arctic sea ice loss,Arctic sea ice loss (20 times in 6 papers),20,6
Atlantic Meridional Overturning Circulation,Atlantic Meridional Overturning Circulation (790 times in 69 papers),790,69
Atlantic multidecadal variability,Atlantic multidecadal variability (38 times in 6 papers),38,6
Atlantic Ocean,Atlantic Ocean (43 times in 11 papers),43,11
Atlantic overturning circulation,Atlantic overturning circulation (35 times in 10 papers),35,10
atmospheric circulation,atmospheric circulation (33 times in 5 papers),33,5
benthic foraminifera,benthic foraminifera (31 times in 5 papers),31,5
CESM2,CESM2 (102 times in 9 papers),102,9
China,China (203 times in 20 papers),203,20
climate change,climate change (236 times in 40 papers),236,40
climate model,climate model (44 times in 10 papers),44,10
climate models,climate models (241 times in 21 papers),241,21
climate variability,climate variability (29 times in 6 papers),29,6
CMIP6,CMIP6 (184 times in 22 papers),184,22
CMIP6 models,CMIP6 models (153 times in 21 papers),153,21
Community Earth System Model,Community Earth System Model (73 times in 17 papers),73,17
confidence level,confidence level (41 times in 10 papers),41,10
control simulation,control simulation (37 times in 5 papers),37,5
convection,convection (34 times in 8 papers),34,8
Coupled Model Intercomparison Project,Coupled Model Intercomparison Project (22 times in 6 papers),22,6
Creative Commons licence,Creative Commons licence (108 times in 36 papers),108,36
deep convection,deep convection (59 times in 10 papers),59,10
deep ocean,deep ocean (32 times in 6 papers),32,6
Deep Sea Res,Deep Sea Res (26 times in 6 papers),26,6
deglaciation,deglaciation (93 times in 13 papers),93,13
ensemble members,ensemble members (51 times in 8 papers),51,8
ERA5,ERA5 (77 times in 5 papers),77,5
Europe,Europe (117 times in 13 papers),117,13
external forcing,external forcing (40 times in 6 papers),40,6
freshwater flux,freshwater flux (48 times in 6 papers),48,6
freshwater forcing,freshwater forcing (44 times in 6 papers),44,6
Geosci,Geosci (362 times in 49 papers),362,49
global warming,global warming (67 times in 13 papers),67,13
Greenland,Greenland (61 times in 11 papers),61,11
Heinrich events,Heinrich events (69 times in 8 papers),69,8
Holocene,Holocene (198 times in 20 papers),198,20
HS1,HS1 (71 times in 6 papers),71,6
ice sheets,ice sheets (33 times in 8 papers),33,8
Iceland,Iceland (28 times in 6 papers),28,6
insolation,insolation (33 times in 5 papers),33,5
internal variability,internal variability (113 times in 8 papers),113,8
ITCZ,ITCZ (149 times in 12 papers),149,12
Labrador Sea,Labrador Sea (158 times in 11 papers),158,11
last,last (85 times in 15 papers),85,15
last deglaciation,last deglaciation (24 times in 6 papers),24,6
Last Glacial Maximum,Last Glacial Maximum (116 times in 15 papers),116,15
last glacial period,last glacial period (83 times in 13 papers),83,13
LGM,LGM (99 times in 8 papers),99,8
LIS,LIS (38 times in 5 papers),38,5
meltwater,meltwater (34 times in 6 papers),34,6
NADW,NADW (66 times in 5 papers),66,5
Nordic Seas,Nordic Seas (194 times in 10 papers),194,10
North Atlantic,North Atlantic (741 times in 60 papers),741,60
North Atlantic Deep Water,North Atlantic Deep Water (28 times in 6 papers),28,6
North Atlantic Ocean,North Atlantic Ocean (45 times in 8 papers),45,8
North Atlantic Oscillation,North Atlantic Oscillation (76 times in 9 papers),76,9
North Atlantic warming hole,North Atlantic warming hole (43 times in 7 papers),43,7
Northern Hemisphere,Northern Hemisphere (48 times in 8 papers),48,8
Northern Hemisphere ice sheets,Northern Hemisphere ice sheets (27 times in 6 papers),27,6
ocean circulation,ocean circulation (59 times in 10 papers),59,10
Oceanogr,Oceanogr (260 times in 26 papers),260,26
overturning circulation,overturning circulation (35 times in 6 papers),35,6
Paleoceanogr,Paleoceanogr (35 times in 6 papers),35,6
Paleoclimatol,Paleoclimatol (56 times in 9 papers),56,9
Peer review,Peer review (55 times in 19 papers),55,19
precipitation,precipitation (199 times in 25 papers),199,25
predictability,predictability (52 times in 5 papers),52,5
proxies,proxies (32 times in 5 papers),32,5
proxy records,proxy records (47 times in 7 papers),47,7
salinity,salinity (126 times in 12 papers),126,12
sea ice,sea ice (58 times in 11 papers),58,11
sea surface temperature,sea surface temperature (31 times in 6 papers),31,6
South America,South America (52 times in 6 papers),52,6
Southern Ocean,Southern Ocean (211 times in 18 papers),211,18
speleothems,speleothems (36 times in 5 papers),36,5
stratification,stratification (39 times in 5 papers),39,5
subpolar North Atlantic,subpolar North Atlantic (186 times in 19 papers),186,19
temperature,temperature (100 times in 17 papers),100,17
Tibetan Plateau,Tibetan Plateau (55 times in 7 papers),55,7
time series,time series (104 times in 17 papers),104,17
tipping elements,tipping elements (41 times in 5 papers),41,5
uncertainties,uncertainties (49 times in 5 papers),49,5
uncertainty,uncertainty (94 times in 12 papers),94,12
volcanic eruptions,volcanic eruptions (67 times in 6 papers),67,6
