{"downloaded": true, "htmlmade": false, "id": "41050790", "source": "MED", "pmid": "41050790", "pmcid": "PMC12492443", "fullTextIdList": {"fullTextId": "PMC12492443"}, "doi": "10.3389/fpsyg.2025.1675673", "title": "Editorial: Climate change challenge: adaptation to climate change.", "authorString": "Carrus G, Massullo C, Tiberio L, Fusaro L, Steinebach C.", "authorList": {"author": [{"fullName": "Carrus G", "firstName": "Giuseppe", "lastName": "Carrus", "initials": "G", "authorAffiliationDetailsList": {"authorAffiliation": {"affiliation": "Department of Education, Roma Tre University, Rome, Italy."}}}, {"fullName": "Massullo C", "firstName": "Chiara", "lastName": "Massullo", "initials": "C", "authorAffiliationDetailsList": {"authorAffiliation": {"affiliation": "Department of Education, Roma Tre University, Rome, Italy."}}}, {"fullName": "Tiberio L", "firstName": "Lorenza", "lastName": "Tiberio", "initials": "L", "authorAffiliationDetailsList": {"authorAffiliation": {"affiliation": "Department of Education, Roma Tre University, Rome, Italy."}}}, {"fullName": "Fusaro L", "firstName": "Lina", "lastName": "Fusaro", "initials": "L", "authorAffiliationDetailsList": {"authorAffiliation": {"affiliation": "Institute of BioEconomy (IBE), National Research Council, Rome, Italy."}}}, {"fullName": "Steinebach C", "firstName": "Christoph", "lastName": "Steinebach", "initials": "C", "authorAffiliationDetailsList": {"authorAffiliation": {"affiliation": "Z\u00fcrich University of Applied Sciences, Zurich, Switzerland."}}}]}, "dataLinksTagsList": {"dataLinkstag": "altmetrics"}, "journalInfo": {"volume": "16", "journalIssueId": "3893293", "dateOfPublication": "2025", "monthOfPublication": "0", "yearOfPublication": "2025", "printPublicationDate": "2025-01-01", "journal": {"title": "Frontiers in psychology", "ISOAbbreviation": "Front Psychol", "medlineAbbreviation": "Front Psychol", "NLMid": "101550902", "ISSN": "1664-1078", "ESSN": "1664-1078"}}, "pubYear": "2025", "pageInfo": "1675673", "affiliation": "Department of Education, Roma Tre University, Rome, Italy.", "publicationStatus": "epublish", "language": "eng", "pubModel": "Electronic-eCollection", "pubTypeList": {"pubType": "Editorial"}, "keywordList": {"keyword": ["Climate change", "Adaptation", "Sustainability", "Wellbeing", "Ecological Behavior", "Resilience To Climate Change"]}, "fullTextUrlList": {"fullTextUrl": [{"availability": "Subscription required", "availabilityCode": "S", "documentStyle": "doi", "site": "DOI", "url": "https://doi.org/10.3389/fpsyg.2025.1675673"}, {"availability": "Open access", "availabilityCode": "OA", "documentStyle": "html", "site": "Europe_PMC", "url": "https://europepmc.org/articles/PMC12492443"}, {"availability": "Open access", "availabilityCode": "OA", "documentStyle": "pdf", "site": "Europe_PMC", "url": "https://europepmc.org/articles/PMC12492443?pdf=render"}]}, "isOpenAccess": "Y", "inEPMC": "Y", "inPMC": "Y", "hasPDF": "Y", "hasBook": "N", "hasSuppl": "N", "citedByCount": "0", "hasData": "N", "hasReferences": "Y", "hasTextMinedTerms": "Y", "hasDbCrossReferences": "N", "hasLabsLinks": "Y", "license": "cc by", "hasEvaluations": "N", "authMan": "N", "epmcAuthMan": "N", "nihAuthMan": "N", "hasTMAccessionNumbers": "N", "dateOfCompletion": "2025-10-06", "dateOfCreation": "2025-10-06", "firstIndexDate": "2025-10-06", "fullTextReceivedDate": "2025-10-06", "dateOfRevision": "2025-10-08", "electronicPublicationDate": "2025-09-19", "firstPublicationDate": "2025-09-19"}