{"downloaded": true, "htmlmade": false, "id": "41070182", "source": "MED", "pmid": "41070182", "pmcid": "PMC12506593", "fullTextIdList": {"fullTextId": "PMC12506593"}, "doi": "10.1021/acsanm.5c01071", "title": "Mesoporous Silica Skin on Clay Nanotubes for Carbon Capture.", "authorString": "Wang B, Ajumobi O, He J, Valla JA, John VT.", "authorList": {"author": [{"fullName": "Wang B", "firstName": "Borui", "lastName": "Wang", "initials": "B", "authorId": {"@type": "ORCID", "#text": "0009-0005-4071-1362"}, "authorAffiliationDetailsList": {"authorAffiliation": {"affiliation": "Department of Chemical & Biomolecular Engineering, Tulane University, 6823 St. Charles Avenue, New Orleans, Louisiana 70118, United States."}}}, {"fullName": "Ajumobi O", "firstName": "Oluwole", "lastName": "Ajumobi", "initials": "O", "authorId": {"@type": "ORCID", "#text": "0000-0003-4356-7923"}, "authorAffiliationDetailsList": {"authorAffiliation": {"affiliation": "Department of Chemical & Biomolecular Engineering, Tulane University, 6823 St. Charles Avenue, New Orleans, Louisiana 70118, United States."}}}, {"fullName": "He J", "firstName": "Jibao", "lastName": "He", "initials": "J", "authorId": {"@type": "ORCID", "#text": "0000-0003-1759-7600"}, "authorAffiliationDetailsList": {"authorAffiliation": {"affiliation": "Coordinated Instrumentation Facility, Tulane University, 6823 St. Charles Avenue, New Orleans, Louisiana 70118, United States."}}}, {"fullName": "Valla JA", "firstName": "Julia A", "lastName": "Valla", "initials": "JA", "authorAffiliationDetailsList": {"authorAffiliation": {"affiliation": "Department of Chemical & Biomolecular Engineering, University of Connecticut, Storrs, Connecticut 06269, United States."}}}, {"fullName": "John VT", "firstName": "Vijay T", "lastName": "John", "initials": "VT", "authorId": {"@type": "ORCID", "#text": "0000-0001-5426-7585"}, "authorAffiliationDetailsList": {"authorAffiliation": {"affiliation": "Department of Chemical & Biomolecular Engineering, Tulane University, 6823 St. Charles Avenue, New Orleans, Louisiana 70118, United States."}}}]}, "authorIdList": {"authorId": [{"@type": "ORCID", "#text": "0000-0001-5426-7585"}, {"@type": "ORCID", "#text": "0000-0003-1759-7600"}, {"@type": "ORCID", "#text": "0000-0003-4356-7923"}, {"@type": "ORCID", "#text": "0009-0005-4071-1362"}]}, "journalInfo": {"issue": "25", "volume": "8", "journalIssueId": "3972110", "dateOfPublication": "2025 Jun", "monthOfPublication": "6", "yearOfPublication": "2025", "printPublicationDate": "2025-06-01", "journal": {"title": "ACS applied nano materials", "ISOAbbreviation": "ACS Appl Nano Mater", "medlineAbbreviation": "ACS Appl Nano Mater", "NLMid": "101726750", "ISSN": "2574-0970", "ESSN": "2574-0970"}}, "pubYear": "2025", "pageInfo": "12885-12894", "abstractText": "Amine-based adsorbents are considered extremely promising candidates for their efficacy in CO<sub>2</sub> capture. In this study, we explore the enhancement of CO<sub>2</sub> adsorption capacity through the development of a hierarchically porous material containing a mesoporous silica coating on halloysite nanotubes (HNTs), a naturally occurring clay material. The generation of a mesoporous MCM-41 skin on HNTs increases the surface area from about 60 to 400 m<sup>2</sup>/g while maintaining structural integrity. This significant increase in the surface area helps enhance amine loading. The synthesis of the MCM-41/HNT (MHNT) composite particles was achieved via an aerosol-assisted method, allowing rapid coating formation of a spindle-shaped skin on the HNT external surface and leading to a hierarchical porosity that supports both large pores in the HNT lumen and small pores in the MCM-41 coating. Poly-(ethylenimine) (PEI)-loaded MHNT adsorbents exhibit superior CO<sub>2</sub> adsorption capacities compared to adsorbents of PEI loaded into pristine HNT, with a 27% increase in the adsorption capacity. This work underscores the effectiveness of mesoporous skin in increasing amine adsorption efficiency on clay-based adsorbents, providing a pathway for the development of high-capacity, durable materials in carbon capture technologies.", "affiliation": "Department of Chemical & Biomolecular Engineering, Tulane University, 6823 St. Charles Avenue, New Orleans, Louisiana 70118, United States.", "publicationStatus": "epublish", "language": "eng", "pubModel": "Electronic-eCollection", "pubTypeList": {"pubType": ["research-article", "Journal Article"]}, "grantsList": {"grant": [{"grantId": "1826146", "agency": "National Science Foundation", "orderIn": "0"}, {"grantId": "1826213", "agency": "National Science Foundation", "orderIn": "0"}, {"grantId": "2230769", "agency": "National Science Foundation", "orderIn": "0"}]}, "keywordList": {"keyword": ["polyethylenimine", "MCM-41", "Carbon Capture", "Mesoporous Materials", "Halloysite Nanotubes", "Hierarchical Porosity"]}, "fullTextUrlList": {"fullTextUrl": [{"availability": "Subscription required", "availabilityCode": "S", "documentStyle": "doi", "site": "DOI", "url": "https://doi.org/10.1021/acsanm.5c01071"}, {"availability": "Open access", "availabilityCode": "OA", "documentStyle": "html", "site": "Europe_PMC", "url": "https://europepmc.org/articles/PMC12506593"}, {"availability": "Open access", "availabilityCode": "OA", "documentStyle": "pdf", "site": "Europe_PMC", "url": "https://europepmc.org/articles/PMC12506593?pdf=render"}]}, "isOpenAccess": "Y", "inEPMC": "Y", "inPMC": "Y", "hasPDF": "Y", "hasBook": "N", "hasSuppl": "Y", "citedByCount": "0", "hasData": "Y", "hasReferences": "Y", "hasTextMinedTerms": "Y", "hasDbCrossReferences": "N", "hasLabsLinks": "N", "license": "cc by", "hasEvaluations": "N", "authMan": "N", "epmcAuthMan": "N", "nihAuthMan": "N", "hasTMAccessionNumbers": "N", "dateOfCreation": "2025-10-10", "firstIndexDate": "2025-10-10", "fullTextReceivedDate": "2025-10-10", "dateOfRevision": "2025-10-12", "electronicPublicationDate": "2025-06-17", "firstPublicationDate": "2025-06-17"}