<!DOCTYPE article PUBLIC "-//NLM//DTD JATS (Z39.96) Journal Archiving and Interchange DTD with MathML3 v1.3 20210610//EN" "JATS-archivearticle1-3-mathml3.dtd"> 
<article xmlns:mml="http://www.w3.org/1998/Math/MathML" xmlns:xlink="http://www.w3.org/1999/xlink" dtd-version="1.3" id="a249465315" xml:lang="en" article-type="research-article"><?DTDIdentifier.IdentifierValue -//NLM//DTD JATS (Z39.96) Journal Archiving and Interchange DTD with OASIS Tables with MathML3 v1.3 20210610//EN?><?DTDIdentifier.IdentifierType public?><?SourceDTD.DTDName JATS-archive-oasis-article1-3-mathml3.dtd?><?SourceDTD.Version 1.3?><?ConverterInfo.XSLTName jats-oasis2jats3.xsl?><?ConverterInfo.Version 1?><?properties open_access?><processing-meta base-tagset="archiving" mathml-version="3.0" table-model="xhtml" tagset-family="jats"><restricted-by>pmc</restricted-by></processing-meta><front><journal-meta><journal-id journal-id-type="nlm-ta">ACS Appl Nano Mater</journal-id><journal-id journal-id-type="iso-abbrev">ACS Appl Nano Mater</journal-id><journal-id journal-id-type="publisher-id">an</journal-id><journal-id journal-id-type="coden">aanmf6</journal-id><journal-title-group><journal-title>ACS Applied Nano Materials</journal-title></journal-title-group><issn pub-type="epub">2574-0970</issn><publisher><publisher-name>American Chemical Society</publisher-name></publisher><self-uri xmlns:xlink="http://www.w3.org/1999/xlink" xlink:href="www.acsanm.org">www.acsanm.org</self-uri></journal-meta>
<article-meta><article-id pub-id-type="pmcid">12506593</article-id><article-id pub-id-type="doi">10.1021/acsanm.5c01071</article-id><article-categories><subj-group subj-group-type="heading"><subject>Article</subject></subj-group></article-categories><title-group><article-title>Mesoporous Silica
Skin on Clay Nanotubes for Carbon
Capture</article-title></title-group><contrib-group id="CONTRIB-GROUP-d14e22-autogenerated"><contrib id="ath1" contrib-type="author"><contrib-id contrib-id-type="paragon-plus" authenticated="true">6561812</contrib-id><contrib-id contrib-id-type="orcid" authenticated="true">https://orcid.org/0009-0005-4071-1362</contrib-id><name><surname>Wang</surname><given-names>Borui</given-names></name><xref rid="aff1" ref-type="aff"/></contrib><contrib id="ath2" contrib-type="author"><contrib-id contrib-id-type="paragon-plus" authenticated="true">5006068</contrib-id><contrib-id contrib-id-type="orcid" authenticated="true">https://orcid.org/0000-0003-4356-7923</contrib-id><name><surname>Ajumobi</surname><given-names>Oluwole</given-names></name><xref rid="aff1" ref-type="aff"/></contrib><contrib id="ath3" contrib-type="author"><contrib-id contrib-id-type="paragon-plus" authenticated="true">438293</contrib-id><contrib-id contrib-id-type="orcid" authenticated="true">https://orcid.org/0000-0003-1759-7600</contrib-id><name><surname>He</surname><given-names>Jibao</given-names></name><xref rid="aff2" ref-type="aff"/></contrib><contrib id="ath4" contrib-type="author" corresp="yes"><contrib-id contrib-id-type="paragon-plus" authenticated="true">3500207</contrib-id><name><surname>Valla</surname><given-names>Julia A.</given-names></name><xref rid="cor2" ref-type="corresp"/><xref rid="aff3" ref-type="aff"/></contrib><contrib id="ath5" contrib-type="author" corresp="yes"><contrib-id contrib-id-type="paragon-plus" authenticated="true">143497</contrib-id><contrib-id contrib-id-type="orcid" authenticated="true">https://orcid.org/0000-0001-5426-7585</contrib-id><name><surname>John</surname><given-names>Vijay T.</given-names></name><xref rid="cor1" ref-type="corresp"/><xref rid="aff1" ref-type="aff"/></contrib><aff id="aff1">
<label>&#x02020;</label>
<institution content-type="dept">Department
of Chemical &#x00026; Biomolecular Engineering</institution>, <institution-wrap><institution-id institution-id-type="Ringgold" specific-use="source:pplus">5783</institution-id><institution>Tulane University</institution></institution-wrap>, <addr-line>6823 St. Charles Avenue</addr-line>, <city>New Orleans</city>, <state>Louisiana</state>
<postal-code>70118</postal-code>, <country>United States</country>
</aff><aff id="aff2">
<label>&#x02021;</label>
<institution content-type="dept">Coordinated
Instrumentation Facility</institution>, <institution-wrap><institution-id institution-id-type="Ringgold" specific-use="source:pplus">5783</institution-id><institution>Tulane University</institution></institution-wrap>, <addr-line>6823 St. Charles Avenue</addr-line>, <city>New Orleans</city>, <state>Louisiana</state>
<postal-code>70118</postal-code>, <country>United States</country>
</aff><aff id="aff3">
<label>&#x000a7;</label>
<institution content-type="dept">Department
of Chemical &#x00026; Biomolecular Engineering</institution>, <institution>University of Connecticut</institution>, <city>Storrs</city>, <state>Connecticut</state>
<postal-code>06269</postal-code>, <country>United States</country>
</aff></contrib-group><author-notes><corresp id="cor1">
<label>*</label>Email: <email>vj@tulane.edu</email>.</corresp><corresp id="cor2">
<label>*</label>Email: <email>Ioulia.valla@uconn.edu</email>.</corresp></author-notes><pub-date date-type="pub" publication-format="electronic"><day>17</day><month>6</month><year>2025</year></pub-date><pub-date date-type="collection" publication-format="electronic"><day>27</day><month>6</month><year>2025</year></pub-date><volume>8</volume><issue>25</issue><fpage>12885</fpage><lpage>12894</lpage><history>
<date date-type="received"><day>06</day><month>3</month><year>2025</year></date>
<date date-type="accepted"><day>11</day><month>6</month><year>2025</year></date>
<date date-type="rev-recd"><day>06</day><month>6</month><year>2025</year></date>
<date date-type="online"><day>17</day><month>6</month><year>2025</year></date>
</history><permissions><copyright-statement>&#x000a9; 2025 American Chemical Society</copyright-statement><copyright-year>2025</copyright-year><copyright-holder>American Chemical Society</copyright-holder><ali:free_to_read xmlns:ali="http://www.niso.org/schemas/ali/1.0/" content-type="AuthorChoicev2" start_date="2025-10-07"/><license><ali:license_ref xmlns:ali="http://www.niso.org/schemas/ali/1.0/" specific-use="textmining" content-type="ccbylicense" start_date="2025-10-07">https://creativecommons.org/licenses/by/4.0/</ali:license_ref><license-p>This article is licensed under CC-BY 4.0</license-p></license></permissions><abstract><p>Amine-based adsorbents are considered extremely promising
candidates
for their efficacy in CO<sub>2</sub> capture. In this study, we explore
the enhancement of CO<sub>2</sub> adsorption capacity through the
development of a hierarchically porous material containing a mesoporous
silica coating on halloysite nanotubes (HNTs), a naturally occurring
clay material. The generation of a mesoporous MCM-41 skin on HNTs
increases the surface area from about 60 to 400 m<sup>2</sup>/g while
maintaining structural integrity. This significant increase in the
surface area helps enhance amine loading. The synthesis of the MCM-41/HNT
(MHNT) composite particles was achieved via an aerosol-assisted method,
allowing rapid coating formation of a spindle-shaped skin on the HNT
external surface and leading to a hierarchical porosity that supports
both large pores in the HNT lumen and small pores in the MCM-41 coating.
Poly&#x000ad;(ethylenimine) (PEI)-loaded MHNT adsorbents exhibit superior CO<sub>2</sub> adsorption capacities compared to adsorbents of PEI loaded
into pristine HNT, with a 27% increase in the adsorption capacity.
This work underscores the effectiveness of mesoporous skin in increasing
amine adsorption efficiency on clay-based adsorbents, providing a
pathway for the development of high-capacity, durable materials in
carbon capture technologies.</p></abstract><abstract abstract-type="graphical"><graphic xlink:href="an5c01071_0013.jpg" id="agr1" position="float"/></abstract><abstract abstract-type="toc-graphic"><graphic xlink:href="an5c01071_0011.jpg" id="tgr1" specific-use="not-for-print" position="float"/></abstract><kwd-group><kwd>halloysite nanotubes</kwd><kwd>MCM-41</kwd><kwd>mesoporous materials</kwd><kwd>polyethylenimine</kwd><kwd>carbon capture</kwd><kwd>hierarchical
porosity</kwd></kwd-group><custom-meta-group><custom-meta><meta-name>document-id-old-9</meta-name><meta-value>an5c01071</meta-value></custom-meta><custom-meta><meta-name>document-id-new-14</meta-name><meta-value>an5c01071</meta-value></custom-meta><custom-meta><meta-name>production-flag-MathML-config-version</meta-name><meta-value>3</meta-value></custom-meta><custom-meta><meta-name>production-flag-journal-citation-display-style</meta-name><meta-value>acs-titles</meta-value></custom-meta><custom-meta><meta-name>production-flag-journal-date-display-style</meta-name><meta-value>dates-used-rcd-rvd-acc</meta-value></custom-meta><custom-meta><meta-name>production-flag-si-avail</meta-name><meta-value>yes</meta-value></custom-meta><custom-meta><meta-name>document-id-alt-64</meta-name><meta-value>be11b4273dcc7ec85f69f4a319e4f9b7b8944400c6c332fa38b86b5bb192a33a</meta-value></custom-meta></custom-meta-group></article-meta></front><body><sec id="sec1"><label>1</label><title>Introduction</title><p>Amine adsorbents for CO<sub>2</sub> capture are a prominent class
of materials used in the mitigation of carbon dioxide emissions from
industrial and power generation sources.<named-content content-type="bibref-group">
<xref rid="ref1" ref-type="bibr"/>&#x02212;<xref rid="ref2" ref-type="bibr" specific-use="suppress-in-print"/>
<xref rid="ref3" ref-type="bibr"/>
</named-content> These adsorbents typically
leverage the chemical reactivity of amine groups to selectively bind
CO<sub>2</sub> molecules, making them highly effective for carbon
capture applications. The fundamental mechanism involves the formation
of a carbamate or bicarbonate when the amine reacts with CO<sub>2</sub> (<xref rid="eq1" ref-type="disp-formula">eqs <xref rid="eq1" ref-type="disp-formula"/>
</xref> and <xref rid="eq2" ref-type="disp-formula"/>),<named-content content-type="bibref-group">
<xref rid="ref4" ref-type="bibr"/>&#x02212;<xref rid="ref5" ref-type="bibr" specific-use="suppress-in-print"/>
<xref rid="ref6" ref-type="bibr"/>
</named-content> a reversible process that allows for the subsequent
release and capture of CO<sub>2</sub> in a controlled manner.<xref rid="ref7" ref-type="bibr"/>
<disp-formula id="eq1">
<label>1</label>
<alternatives><graphic xlink:href="an5c01071_m001.jpg" position="float"/><mml:math id="d1e418" display="block"><mml:mrow><mml:msub><mml:mrow><mml:mi mathvariant="normal">RNH</mml:mi></mml:mrow><mml:mrow><mml:mn>2</mml:mn></mml:mrow></mml:msub><mml:mo>+</mml:mo><mml:msub><mml:mrow><mml:mi mathvariant="normal">CO</mml:mi></mml:mrow><mml:mrow><mml:mn>2</mml:mn></mml:mrow></mml:msub><mml:mo>&#x02194;</mml:mo><mml:msup><mml:mrow><mml:msub><mml:mrow><mml:mi mathvariant="normal">RNH</mml:mi></mml:mrow><mml:mrow><mml:mn>2</mml:mn></mml:mrow></mml:msub></mml:mrow><mml:mrow><mml:mo>+</mml:mo></mml:mrow></mml:msup><mml:msup><mml:mrow><mml:mi mathvariant="normal">COO</mml:mi></mml:mrow><mml:mrow><mml:mo>&#x02212;</mml:mo></mml:mrow></mml:msup></mml:mrow></mml:math></alternatives>
</disp-formula>
<disp-formula id="eq2">
<label>2</label>
<alternatives><graphic xlink:href="an5c01071_m002.jpg" position="float"/><mml:math id="d1e454" display="block"><mml:mrow><mml:msup><mml:mrow><mml:msub><mml:mrow><mml:mi mathvariant="normal">RNH</mml:mi></mml:mrow><mml:mrow><mml:mn>2</mml:mn></mml:mrow></mml:msub></mml:mrow><mml:mrow><mml:mo>+</mml:mo></mml:mrow></mml:msup><mml:msup><mml:mrow><mml:mi mathvariant="normal">COO</mml:mi></mml:mrow><mml:mrow><mml:mo>&#x02212;</mml:mo></mml:mrow></mml:msup><mml:mo>+</mml:mo><mml:msub><mml:mrow><mml:mi mathvariant="normal">RNH</mml:mi></mml:mrow><mml:mrow><mml:mn>2</mml:mn></mml:mrow></mml:msub><mml:mo>&#x02194;</mml:mo><mml:msup><mml:mrow><mml:mi mathvariant="normal">RNHCOO</mml:mi></mml:mrow><mml:mrow><mml:mo>&#x02212;</mml:mo></mml:mrow></mml:msup><mml:mo>+</mml:mo><mml:msup><mml:mrow><mml:msub><mml:mrow><mml:mi mathvariant="normal">RNH</mml:mi></mml:mrow><mml:mrow><mml:mn>3</mml:mn></mml:mrow></mml:msub></mml:mrow><mml:mrow><mml:mo>+</mml:mo></mml:mrow></mml:msup></mml:mrow></mml:math></alternatives>
</disp-formula>
</p><p>The appeal of amine-based adsorbents
lies in their high efficiency
and selectivity for CO<sub>2</sub>, as well as their adaptability
to the existing infrastructure. These materials can be synthesized
in various forms, including being impregnated or grafted onto solid
supports such as silica,<xref rid="ref8" ref-type="bibr"/> alumina,<xref rid="ref9" ref-type="bibr"/> or polymers,<xref rid="ref10" ref-type="bibr"/> which
enhances their stability and usability.<xref rid="ref11" ref-type="bibr"/> Although solid amine-based adsorbents have effectively removed CO<sub>2</sub> from flue gas and the atmosphere, the current requirements
call for improved performance. Consequently, there is an urgent need
to develop adsorbents with a higher amine density to enhance the CO<sub>2</sub> adsorption capacity.</p><p>Halloysite nanotubes (HNTs) are
aluminosilicate clay materials
with a hollow structure.<named-content content-type="bibref-group">
<xref rid="ref12" ref-type="bibr"/>,<xref rid="ref13" ref-type="bibr"/>
</named-content> They are not only inexpensive
but also environmentally friendly and readily accessible in large
quantities.<named-content content-type="bibref-group">
<xref rid="ref14" ref-type="bibr"/>,<xref rid="ref15" ref-type="bibr"/>
</named-content> Their aluminosilicate composition
(Al<sub>2</sub>Si<sub>2</sub>O<sub>5</sub>(OH)<sub>4</sub>), which
is chemically similar to kaolinite, imparts good chemical stability.<xref rid="ref16" ref-type="bibr"/> These nanotubes have a positively charged inner
surface and a negatively charged external surface.<named-content content-type="bibref-group">
<xref rid="ref14" ref-type="bibr"/>,<xref rid="ref15" ref-type="bibr"/>,<xref rid="ref17" ref-type="bibr"/>&#x02212;<xref rid="ref18" ref-type="bibr" specific-use="suppress-in-print"/>
<xref rid="ref19" ref-type="bibr" specific-use="suppress-in-print"/>
<xref rid="ref20" ref-type="bibr"/>
</named-content> HNTs have a length of 0.5&#x02013;3
&#x003bc;m and a lumen diameter of 20&#x02013;30 nm.<named-content content-type="bibref-group">
<xref rid="ref21" ref-type="bibr"/>,<xref rid="ref22" ref-type="bibr"/>
</named-content> The lumen functions as a large mesopore capable of hosting guest
molecules, allowing infiltration and subsequent packing of species
such as polyethylenimine (PEI) for CO<sub>2</sub> capture studies.<named-content content-type="bibref-group">
<xref rid="ref23" ref-type="bibr"/>&#x02212;<xref rid="ref24" ref-type="bibr" specific-use="suppress-in-print"/>
<xref rid="ref25" ref-type="bibr" specific-use="suppress-in-print"/>
<xref rid="ref26" ref-type="bibr"/>
</named-content> However, HNTs intrinsically do not have a high surface area, with
a surface area of approximately 47 m<sup>2</sup>/g, which leads to
a relatively low loading of PEI through adsorption.<xref rid="ref14" ref-type="bibr"/> Further addition of PEI leads to the formation of an external
thick coating and a diffusional barrier for CO<sub>2</sub> leading
to a decrease in capture.<xref rid="ref27" ref-type="bibr"/>
</p><p>Our concept
involves the generation of a mesoporous silica skin
on the surface of HNTs in an attempt to significantly increase the
surface area of the material and thereby develop new application potential
for HNTs. Traditionally, the surface area of HNTs is modified by controlled
etching of the silica&#x02013;aluminate wall of the nanotube.<named-content content-type="bibref-group">
<xref rid="ref28" ref-type="bibr"/>&#x02212;<xref rid="ref29" ref-type="bibr" specific-use="suppress-in-print"/>
<xref rid="ref30" ref-type="bibr"/>
</named-content> This leads to improvements in the surface area from 47 m<sup>2</sup>/g to about 80&#x02013;300 m<sup>2</sup>/g but has the drawback of
weakening the wall structure.<named-content content-type="bibref-group">
<xref rid="ref31" ref-type="bibr"/>,<xref rid="ref32" ref-type="bibr"/>
</named-content>
</p><p>Our approach
for generating a mesoporous skin on the external surface
is hypothesized to lead to a much larger surface area without compromising
the mechanical strength of the HNT wall. We therefore synthesize mesoporous
MCM-41 on the external surface of HNTs in a one-step aerosol-assisted
process (<xref rid="fig1" ref-type="fig">Figure <xref rid="fig1" ref-type="fig"/>
</xref>).<named-content content-type="bibref-group">
<xref rid="ref22" ref-type="bibr"/>,<xref rid="ref33" ref-type="bibr"/>,<xref rid="ref34" ref-type="bibr"/>
</named-content> MCM-41 is characterized by a
highly organized hexagonal pore structure, with a pore diameter that
varies between 2 and 4 nm, and it exhibits an extremely high surface
area of up to 1500 m<sup>2</sup>/g.<xref rid="ref35" ref-type="bibr"/> In
this procedure, the precursor solution containing the templating surfactant
cetyltrimethylammonium bromide (CTAB), tetraethoxysilane (TEOS), and
HNTs is mixed in an ethanol&#x02013;water solution, then aerosolized
and directed into a heated tube furnace.</p><fig position="float" id="fig1" fig-type="figure"><label>1</label><caption><p>(a) Schematic illustration
of the aerosol-assisted synthesis technique.
Reproduced from Ajumobi and coworkers, Energy &#x00026; Fuels 2023, 37
(16), 12079&#x02013;12088. <uri xlink:href="https://doi.org/10.1021/acs.energyfuels.3c01318">https://doi.org/10.1021/acs.energyfuels.3c01318</uri>. Copyright 2023 American Chemical Society. (b) Schematic illustration
of an aerosol droplet containing halloysite nanotubes with CTAB molecules
adsorbed on its surface.</p></caption><graphic xlink:href="an5c01071_0001" id="gr1" position="float"/></fig><p>In generating a mesoporous skin on the HNT, we
hypothesize that
adsorption of the cationic CTAB on the anionic external surface of
the HNT will allow nucleation and growth of MCM-41 on the external
surface of the HNT as the droplet evaporates. This is a rough equivalent
of the evaporation-induced self-assembly process of forming mesoporous
silica films on surfaces, as pioneered by Lu and coworkers.<xref rid="ref36" ref-type="bibr"/> Our approach is distinguished by its focus on
rapidly forming coatings on halloysite nanotubes. The intrinsic scalability
of the aerosol technique will, therefore, allow the generation of
large amounts of such coated HNTs. There is thus the possibility of
new applications where both the HNT lumen (with small surface areas
but large pores) and the mesoporous coatings (with small pores but
large surface areas) can be synergistically used. The current objective
is to synthesize materials that have a hybrid hierarchical structure,
consisting of small mesopores (&#x0223c;3 nm) from MCM-41 and larger
mesopores (&#x0223c;20 nm) from HNTs, and to examine their potential
for CO<sub>2</sub> capture with embedded amines in the pores.</p><p>In earlier work from this laboratory, we used the aerosol method
to insert HNTs into large particles of MCM-41 to serve as nanostraws
and provide diffusional pathways for species entry and egress from
the interior of MCM-41.<named-content content-type="bibref-group">
<xref rid="ref37" ref-type="bibr"/>&#x02212;<xref rid="ref38" ref-type="bibr" specific-use="suppress-in-print"/>
<xref rid="ref39" ref-type="bibr"/>
</named-content> We showed that this nanostraw-based
morphology had implications for both CO<sub>2</sub> capture and reaction-
and diffusion-based processes. This paper describes a complementary
approach where the morphology of the HNT is largely kept intact, and
a skin of MCM-41 is formed to greatly enhance the surface area of
the HNT.</p></sec><sec id="sec2"><label>2</label><title>Experimental Section</title><sec id="sec2.1"><label>2.1</label><title>Materials</title><p>Tetraethoxysilane (TEOS,
98%), cetyltrimethylammonium bromide (CTAB, 95%), and hydrochloric
acid (HCl, 37%) were purchased from Sigma-Aldrich. These chemicals
were used without any modifications. Branched PEI (600 Mw) was purchased
from Thermo Scientific. HNTs (Guangzhou Runwo, China) were obtained
as a gift from Yuri Lvov (Institute for Micromanufacturing, Louisiana
Tech University). Deionized (DI) water with a resistance of 18.2 M&#x003a9;
was obtained from an Elga water purification system (Medica DV25).</p></sec><sec id="sec2.2"><label>2.2</label><title>Synthesis of the Composite Particles of MCM-41
Skin on Halloysite Nanotubes</title><p>MCM-41/HNT (MHNT) composite
particles were synthesized using an aerosol-assisted method, which
was slightly modified from previously reported techniques.<xref rid="ref22" ref-type="bibr"/> Initially, 0.084 g of CTAB was dissolved in
80 mL of ethanol, and 0.1 g of HNT particles were added to the CTAB
solution, followed by stirring for 20 min. 200 &#x003bc;L of TEOS was
then gradually added to the mixture while being continuously stirred
magnetically. Following this, 20 mL of 0.1 M HCl was incorporated,
and the mixture was stirred at ambient temperature for 15 min. The
precursor solution was subsequently added to a nebulizer (Micro Mist,
Teleflex, MMAD: 2.1&#x0202f;&#x003bc;m).<xref rid="ref40" ref-type="bibr"/> Here, the solution was aerosolized into fine droplets under nitrogen
gas flow at 2.5 L/min. These droplets were then conveyed into a heating
chamber, which consisted of a tube furnace (76 cm in length and 5
cm in diameter) for rapid condensation of TEOS into silica at 440
&#x000b0;C. At the furnace&#x02019;s end, a filter paper (Merck Millipore
Ltd., with a pore size of 0.22 &#x003bc;m) collected the dried particles.
Heating coils were used to raise the filtration setup temperature
to 80 &#x000b0;C, preventing moisture condensation. The collected particles
were subjected to calcination in air at 550 &#x000b0;C for 8 h, with
a heating rate of 5 &#x000b0;C/min, to burn and eliminate CTAB. To better
compare HNTs with MHNTs, HNTs were also calcined under the same conditions.</p></sec><sec id="sec2.3"><label>2.3</label><title>Loading of the HNT and MHNT Composites with
PEI</title><p>The incorporation of polyethylenimine (PEI) into the
bare HNT and MHNT was conducted using the wet impregnation technique
and vacuum suction.<xref rid="ref41" ref-type="bibr"/> To achieve a 30 wt
% PEI loading in the HNT or MHNT, 0.05 g of PEI was mixed with 5 mL
of absolute ethanol and stirred for 10 min to ensure complete dissolution.
Subsequently, 0.15 g of HNT or MHNT were added to this PEI solution.
The mixture was subjected to ultrasonic sonication for 10 min and
then magnetically stirred for 24 h at ambient temperature. This mixture
was then placed in a 25 mL round-bottomed flask and connected to a
rotary evaporator set at 60 &#x000b0;C. A vacuum of 100 mbar was applied
to facilitate the infusion of PEI into the HNT channels while also
aiding in the evaporation of the ethanol. The sample was then left
to dry under a reduced vacuum of 5 mbar for an hour. The dried PEI-loaded
HNT and MHNT samples were collected and stored in a sealed container.
Adsorbents with PEI loadings ranging from 20 to 50 wt % were also
synthesized using an identical procedure, adjusting the PEI-to-solid
particle mass ratio for MHNT particles.</p></sec><sec id="sec2.4"><label>2.4</label><title>Material Characterization</title><p>Structural
characterization of MHNT samples was performed by using powder X-ray
diffraction (XRD) analysis. This was conducted with a Rigaku Miniflex
II instrument employing Cu K&#x003b1; radiation at a wavelength of 1.54
&#x000c5;, across a wide-angle scan range of 2&#x003b8; from 5&#x000b0; to
70&#x000b0;. To evaluate the surface area and pore volume of the samples,
sorption analysis was conducted using a Micromeritics ASAP 2020 instrument,
based on the Brunauer&#x02013;Emmett&#x02013;Teller (BET) isotherm and
Barrett&#x02013;Joyner&#x02013;Halenda (BJH) desorption cumulative method.
For morphological analysis, scanning electron microscopy (SEM) and
transmission electron microscopy (TEM) techniques were employed. SEM
imaging was performed on a Hitachi S-4800 field emission SEM operating
at 3 kV, with samples coated in a thin carbon layer using a Cressington
Carbon Coater 208carbon via thermal evaporation to enhance conductivity
and image quality. TEM images were captured using an FEI Tecnai G2
F30 twin TEM operating at 300 kV. The quantification of PEI on each
sample was determined through weight loss analysis via thermogravimetric
analysis (TGA) on a TA Instruments Q500 thermogravimetric analyzer
over a temperature range from 25 to 710 &#x000b0;C. Furthermore, Fourier
transform infrared (FT-IR) spectroscopy was used to identify the presence
of functional groups on the PEI-loaded samples. The FTIR spectra were
recorded with 32 accumulated scans at a resolution of 4 cm<sup>&#x02013;1</sup>.</p></sec><sec id="sec2.5"><label>2.5</label><title>CO<sub>2</sub> Capture Analysis</title><p>The
CO<sub>2</sub> capturing capabilities of HNT and MHNT samples with
PEI were tested under dry conditions using TGA. For these tests, 10
mg of sample was placed on a platinum pan inside the TGA device. The
procedure began by heating the sample at a rate of 5 &#x000b0;C per minute
until reaching 105 &#x000b0;C, where it was held for 1 h under a flow
of nitrogen gas to remove any pre-absorbed moisture or other gases.
After this drying step, the temperature was lowered to 45 &#x000b0;C,
and dry CO<sub>2</sub> gas was introduced at a flow rate of 90 mL/min
for 2 h to allow for full CO<sub>2</sub> adsorption. The quantity
of CO<sub>2</sub> captured was assessed by measuring the weight change
of the sample before and after exposure to CO<sub>2</sub>. This procedure
was consistently repeated for all samples at an increased adsorption
temperature of 75 &#x000b0;C, while the rest of the conditions were kept
unchanged.</p></sec></sec><sec id="sec3"><label>3</label><title>Results and Discussion</title><sec id="sec3.1"><label>3.1</label><title>Material Characterization</title><p>The morphology
of bare HNTs is shown in <xref rid="fig2" ref-type="fig">Figure <xref rid="fig2" ref-type="fig"/>
</xref>. <xref rid="fig2" ref-type="fig">Figure <xref rid="fig2" ref-type="fig"/>
</xref>a,b shows the typical long rod-like structure of HNTs with smooth
surfaces. HNTs typically have an average length ranging from 0.5 to
3 &#x003bc;m, an outer diameter of approximately 60&#x02013;80 nm, and
an inner lumen of 15&#x02013;30 nm<named-content content-type="bibref-group">
<xref rid="ref31" ref-type="bibr"/>,<xref rid="ref42" ref-type="bibr"/>
</named-content> (<xref rid="fig2" ref-type="fig">Figure <xref rid="fig2" ref-type="fig"/>
</xref>c,d). <xref rid="fig3" ref-type="fig">Figure <xref rid="fig3" ref-type="fig"/>
</xref>a,b shows the SEM images of
the control sample of MCM-41. These images reveal spherical particles
that exhibit a wide size distribution, ranging from approximately
50 nm to 2 &#x003bc;m. The SEM image of MCM-41 particles highlights
their spherical morphology as obtained through the aerosol-assisted
process. The TEM image in <xref rid="fig3" ref-type="fig">Figure <xref rid="fig3" ref-type="fig"/>
</xref>c offers a detailed view of these MCM-41 particles,
while the ordered array of pores is clearly visible in the high-resolution
TEM image (<xref rid="fig3" ref-type="fig">Figure <xref rid="fig3" ref-type="fig"/>
</xref>d).</p><fig position="float" id="fig2" fig-type="figure"><label>2</label><caption><p>SEM image of (a) HNT and (b) high-resolution SEM image of the HNT.
TEM image of (c) HNT and (d) high-resolution TEM image of HNT showing
the hollow lumen of the HNT.</p></caption><graphic xlink:href="an5c01071_0002" id="gr2" position="float"/></fig><fig position="float" id="fig3" fig-type="figure"><label>3</label><caption><p>SEM image of (a) MCM-41 and (b) high-resolution SEM image
of MCM-41.
TEM image of (c) MCM-41 and (d) high-resolution TEM image of MCM-41
showing the presence of a hexagonal arrangement of mesopores.</p></caption><graphic xlink:href="an5c01071_0003" id="gr3" position="float"/></fig><p>Composite MHNTs were synthesized using the same
method as for MCM-41,
incorporating 65 wt % HNT particles into the MCM-41 precursor solution.
In these experiments, the concentrations of HNT, TEOS, and CTAB were
maintained at &#x0223c;1.0&#x0202f; g/L, 0.009 mol/L, and 0.0023 mol/L,
respectively. These relatively diluted concentrations were chosen
to suppress homogeneous nucleation and facilitate the controlled growth
of mesoporous silica (MCM-41) skin on the HNT surface. Due to electrostatic
interactions, the positively charged CTAB molecules adsorb onto the
negatively charged silica walls of HNTs,<xref rid="ref43" ref-type="bibr"/> creating a stable template for the organization of TEOS. Similar
to generating mesoporous silica films on silica substrates, the process
is guided by the interaction of surfactant-silica species with the
surface,<named-content content-type="bibref-group">
<xref rid="ref44" ref-type="bibr"/>,<xref rid="ref45" ref-type="bibr"/>
</named-content> where controlled templating and orientation
play critical roles in determining the final morphology and uniformity
of the coating. The self-assembly of CTAB micelles acts as a structural
template for the formation of mesoporous silica. After condensation
of the silica source, MCM-41, with its distinct ordered mesoporous
structure, is expected to form on the surface of the HNTs. In the
aerosol-assisted method, this composition produces droplets in the
1&#x02013;5&#x0202f; &#x003bc;m diameter range (MMAD &#x02248; 2.1&#x0202f;&#x003bc;m).<xref rid="ref40" ref-type="bibr"/> Based on geometric estimates, a 2.1&#x0202f;
&#x003bc;m droplet contains approximately 1.02 HNT particles on average.
This stoichiometry ensures that most droplets contain a single HNT
template, minimizing aggregation and favoring individual coating.
However, due to stochastic variations, some larger droplets (&#x0223c;5
&#x003bc;m) may contain multiple HNTs, while smaller ones may entirely
lack HNTs.</p><p>SEM and TEM images reveal the resulting composite
particle morphology.
In the SEM image of MHNT (<xref rid="fig4" ref-type="fig">Figure <xref rid="fig4" ref-type="fig"/>
</xref>a,b), we observe the formation of a novel spindle-shaped
coating on the HNT with convex curvature. Our original hypothesis
was that there would be a uniform coating of MCM-41 on each HNT. However,
upon observing the unusual spindle-shaped morphologies of MCM-41 over
the HNT, as shown in <xref rid="fig4" ref-type="fig">Figure <xref rid="fig4" ref-type="fig"/>
</xref>, we realized that the formation mechanism was governed by
solvent evaporation within the droplet. The receding areal coverage
of the droplet leads to the roughly convex spindle shape of the MCM-41,
where the thick part is due to the buildup of MCM-41 with TEOS still
in the last stages of droplet evaporation. Additional small spherical
satellite particles were also observed on the surface of the convex-shaped
coatings on HNTs, which may have formed from smaller aerosol droplets
lacking HNT templates. TEM imaging confirms these surface features
and also indicates that multiple HNTs may be integrated into the spindle-shaped
structures (<xref rid="fig4" ref-type="fig">Figure <xref rid="fig4" ref-type="fig"/>
</xref>c). <xref rid="fig4" ref-type="fig">Figure <xref rid="fig4" ref-type="fig"/>
</xref>d provides
a high-resolution TEM image that illustrates the microporosity of
the spindle-shaped shell and also indicates the mesoporous structures
of the satellite particles. This thin shell introduces a high density
of &#x0223c;3 nm mesopores, which increases the surface area while
preserving accessibility. Based on the observed morphology, we suspect
that such a structure may promote a more uniform distribution of PEI
in the MHNT composite, help minimize diffusion limitations due to
the thinness of the MCM-41 skin, and enhance CO<sub>2</sub> capture
performance.</p><fig position="float" id="fig4" fig-type="figure"><label>4</label><caption><p>SEM image of (a) MHNT and (b) high-resolution SEM image
of MHNT.
TEM image of (c) MHNT and (d) high-resolution TEM image of MHNT showing
the presence of the hexagonal arrangement of mesopores from MCM-41
skin.</p></caption><graphic xlink:href="an5c01071_0004" id="gr4" position="float"/></fig><p>We term the spindle-shaped coating on the HNT as
a mesoporous &#x0201c;skin&#x0201d;
that is formed over the HNT. Such structures seem unique to the aerosol
process and can be explained as follows, with a schematic representation
provided in <xref rid="fig5" ref-type="fig">Figure <xref rid="fig5" ref-type="fig"/>
</xref>. As the droplets containing the precursor solution pass through
the heated zone, rapid evaporation of the solvent occurs. During this
evaporation process, the tubular structure of HNTs within the droplet
provides a confined environment for the synthesis of MCM-41. This
confinement effect ensures that the growth of the silica framework
occurs along the length of the nanotubes. The restricted space around
the HNT directs the formation of the mesoporous structure into an
elongated shape. This effect is further enhanced by the uniform linear
structure of the HNTs and the electrostatic interaction between CTAB
and the external surface of the HNT. As a result, the MCM-41 skin
gradually forms on the external surface of the HNT. Due to the contact
between the external surface of the droplet and the heated gas, the
solvent evaporates within the droplet. The balance between solvent
evaporation and surface tension forces of the droplet can lead to
the formation of spindle-like shapes. The shrinking droplet size,
combined with the surface tension acting on the silica precursor and
CTAB template, drives the formation of elongated, spindle-like structures
on HNT.</p><fig position="float" id="fig5" fig-type="figure"><label>5</label><caption><p>Proposed mechanism of synthesis of the MHNT composite.</p></caption><graphic xlink:href="an5c01071_0005" id="gr5" position="float"/></fig><p>
<xref rid="fig6" ref-type="fig">Figure <xref rid="fig6" ref-type="fig"/>
</xref>a shows
the powder X-ray diffraction (XRD) patterns for MCM-41 and the MHNT
composite. The diffraction peaks of MCM-41 exhibit a characteristic
(100) peak at 2&#x003b8; = 2.97&#x000b0;, corresponding to a <italic toggle="yes">d</italic>-spacing of 2.97 nm, with secondary (110) and (200) peaks at 2&#x003b8;
= 4.91&#x000b0; and 5.65&#x000b0;, respectively. These findings confirm
the hexagonal array configuration of MCM-41.<xref rid="ref46" ref-type="bibr"/> The X-ray diffraction pattern for the MHNT indicates the characteristic
MCM-41 (100) peak at 2&#x003b8; = 2.67&#x000b0;, which is shifted to the
left and broadened, with the primary peak representing a <italic toggle="yes">d</italic>-spacing of 3.31 nm. The peak shift to the left and the broadening
indicate larger pores and an increased pore size distribution. We
attribute this observation to growth through nucleation on the HNT
surface and a surface-induced strain on the MCM-41 matrix in the vicinity
of the HNT surface, as illustrated by the schematic in <xref rid="fig6" ref-type="fig">Figure <xref rid="fig6" ref-type="fig"/>
</xref>c.<named-content content-type="bibref-group">
<xref rid="ref22" ref-type="bibr"/>,<xref rid="ref34" ref-type="bibr"/>,<xref rid="ref43" ref-type="bibr"/>
</named-content>
</p><fig position="float" id="fig6" fig-type="figure"><label>6</label><caption><p>Powder X-ray diffraction analysis of (a) MCM-41
and MHNT showing
the presence of the intrinsic (1 0 0) MCM-41 peak, (b) BET N<sub>2</sub> adsorption isotherms for MCM-41, HNT, and MHNT, and (c) schematic
of MCM-41 skin growth on the HNT surface.</p></caption><graphic xlink:href="an5c01071_0006" id="gr6" position="float"/></fig><p>The BET surface area analysis, as shown in <xref rid="tbl1" ref-type="table">Table <xref rid="tbl1" ref-type="table"/>
</xref>, confirms that HNT
exhibits a surface area
of 57 m<sup>2</sup>/g, while MCM-41 displays a significantly higher
surface area of 1487 m<sup>2</sup>/g. These values are consistent
with those reported in previous studies.<named-content content-type="bibref-group">
<xref rid="ref22" ref-type="bibr"/>,<xref rid="ref26" ref-type="bibr"/>
</named-content> The MHNT composite shows a much higher surface area of 403 m<sup>2</sup>/g, which is 7 times higher than that of the HNT. This value
represents a roughly weighted average derived from the MCM-41-to-HNT
ratio in the composite. We also note that the formation of the MCM-41
skin on the HNT allows a significant increase in the surface area
without compromising the integrity of the HNT through selective etching
to increase surface area.<named-content content-type="bibref-group">
<xref rid="ref23" ref-type="bibr"/>,<xref rid="ref31" ref-type="bibr"/>
</named-content>
</p><table-wrap position="float" id="tbl1"><label>1</label><caption><title>BET Surface Area and BJH Pore Volume
of MCM-41, HNT, and MHNT</title></caption><!--OASIS TABLE HERE--><table frame="hsides" rules="groups"><colgroup><col align="left"/><col align="left"/><col align="char" char="."/></colgroup><thead><tr><th align="center">SAMPLE</th><th align="center">BET Surface Area (m<sup>2</sup>/g)</th><th align="center" char=".">BJH
Pore Volume (cm<sup>3</sup>/g)</th></tr></thead><tbody><tr><td align="left">MCM-41</td><td align="left">1484</td><td align="char" char=".">0.61</td></tr><tr><td align="left">HNT</td><td align="left">57</td><td align="char" char=".">0.34</td></tr><tr><td align="left">MHNT</td><td align="left">403</td><td align="char" char=".">0.32</td></tr></tbody></table></table-wrap><p>In <xref rid="fig6" ref-type="fig">Figure <xref rid="fig6" ref-type="fig"/>
</xref>b, the
isotherm of MCM-41 exhibits a Type IV profile with an H1 hysteresis
loop, characterized by a steep increase in nitrogen uptake at relative
pressures between <italic toggle="yes">P</italic>/<italic toggle="yes">P</italic>
<sub>0</sub> = 0.2 and 0.4. This behavior is typical of capillary condensation
in cylindrical mesopores. BJH desorption analysis in this region confirms
a narrow pore size distribution centered around 2&#x02013;4 nm, consistent
with the highly ordered mesoporous framework templated by surfactant-assisted
silica assembly. The isotherm of HNT also corresponds to Type IV but
with an H3 hysteresis loop, indicative of slit-like pores or hollow
tubular structures with limited pore connectivity, such as the lumens
of halloysite nanotubes. In contrast, MHNT displays a more complex
adsorption&#x02013;desorption profile. In the low-pressure region (<italic toggle="yes">P</italic>/<italic toggle="yes">P</italic>
<sub>0</sub> = &#x0223c;0.2&#x02013;0.4),
it exhibits a trend similar to that of MCM-41 but with a more gradual
increase in nitrogen uptake, reflecting the partial incorporation
(&#x0223c;35 wt %) of MCM-41 within the composite. In the intermediate
to high-pressure range (<italic toggle="yes">P</italic>/<italic toggle="yes">P</italic>
<sub>0</sub> = &#x0223c;0.4&#x02013;1.0), MHNT shows a Type IV isotherm
with an H4 hysteresis loop, which likely arises from capillary condensation
within structures containing large mesopores embedded in a matrix
of much smaller or partially blocked pores.<named-content content-type="bibref-group">
<xref rid="ref22" ref-type="bibr"/>,<xref rid="ref47" ref-type="bibr"/>&#x02212;<xref rid="ref48" ref-type="bibr" specific-use="suppress-in-print"/>
<xref rid="ref49" ref-type="bibr"/>
</named-content> Combined with the slight decrease in the total pore
volume from 0.34 to 0.32 cm<sup>3</sup>/g, this behavior suggests
that the MCM-41 network forms partially within or over some of the
HNT cavities.</p><p>Fourier transform infrared (FT-IR) spectra are
presented in <ext-link xlink:href="https://pubs.acs.org/doi/suppl/10.1021/acsanm.5c01071/suppl_file/an5c01071_si_001.pdf" ext-link-type="uri">Figure S1</ext-link>. These data provide
evidence for the
presence of amine functional groups on HNT and MHNT adsorbents. As
illustrated in <ext-link xlink:href="https://pubs.acs.org/doi/suppl/10.1021/acsanm.5c01071/suppl_file/an5c01071_si_001.pdf" ext-link-type="uri">Figure S1</ext-link>, both MCM-41 and
MHNT display absorption bands characteristic of silica materials.<xref rid="ref50" ref-type="bibr"/> Compared with the spectrum of calcined HNT,
the spectra of amine-loaded samples (30 PEI/HNT and 40 PEI/MHNT) display
distinct new absorption peaks at 1566 and 1474 cm<sup>&#x02013;1</sup>. These peaks are indicative of symmetric and asymmetric bending
vibrations of the NH<sub>2</sub> groups,<named-content content-type="bibref-group">
<xref rid="ref23" ref-type="bibr"/>,<xref rid="ref51" ref-type="bibr"/>
</named-content> respectively, confirming the presence of amine groups in the HNT
and MHNT adsorbents. Additionally, the appearance of absorption bands
at 2957 and 2820 cm<sup>&#x02013;1</sup> is attributed to the CH<sub>2</sub> stretching vibrations arising from PEI in HNT and MHNT.<xref rid="ref52" ref-type="bibr"/>
</p><p>TGA was used to quantify the amine content
in both HNT and MHNT
composite samples across a temperature range of 25&#x02013;710 &#x000b0;C,
with the results shown in <xref rid="fig7" ref-type="fig">Figure <xref rid="fig7" ref-type="fig"/>
</xref>. The PEI (polyethylenimine)-loaded HNT samples demonstrate
two distinct phases of weight loss. The initial phase, occurring from
25 to 150 &#x000b0;C, is associated with the expulsion of pre-absorbed
water from the PEI-treated samples. The subsequent weight loss phase,
from 150&#x02013;460 &#x000b0;C, is attributed to the degradation of PEI
within the HNT lumen. This analysis determined that the PEI content
in the HNT adsorbents is approximately 32 wt %, closely aligning with
the 30 wt % PEI used during the synthesis process. For the MHNT adsorbents,
the PEI content is approximately 41 wt %, also closely aligns with
the 40 wt % loading of PEI.</p><fig position="float" id="fig7" fig-type="figure"><label>7</label><caption><p>TGA of the HNT, MHNT, 30PEI/HNT, and 40PEI/MHNT
samples. The TGA
weight loss analysis quantitatively assesses the amine loading in
HNT and MHNT, revealing the extent of PEI incorporation into these
materials.</p></caption><graphic xlink:href="an5c01071_0007" id="gr7" position="float"/></fig><p>We note that the TGA characterization in <xref rid="fig7" ref-type="fig">Figure <xref rid="fig7" ref-type="fig"/>
</xref> (FTIR in <ext-link xlink:href="https://pubs.acs.org/doi/suppl/10.1021/acsanm.5c01071/suppl_file/an5c01071_si_001.pdf" ext-link-type="uri">Figure S1</ext-link>) use 30 wt % PEI in the HNT and 40
wt % PEI in the MHNT, which represent
the best CO<sub>2</sub> capture performance for each material, respectively.
The discrepancy in PEI loadings is illustrated by the combined photographic
and schematic images in <xref rid="fig8" ref-type="fig">Figure <xref rid="fig8" ref-type="fig"/>
</xref>. The photographic images demonstrate the physical appearances
of HNT and MHNT adsorbents, each loaded with 40 wt % PEI. Upon loading
with 40 wt % PEI, the HNT sorbent exhibits an aggregated, paste-like
form (<xref rid="fig8" ref-type="fig">Figure <xref rid="fig8" ref-type="fig"/>
</xref>a), diverging
from its initial powder form. In contrast, the MHNT composite retains
a powder-like appearance even after loading with 40 wt % PEI (<xref rid="fig8" ref-type="fig">Figure <xref rid="fig8" ref-type="fig"/>
</xref>b). The schematic
provides insight into these observations. The paste-like form of 40PEI/HNT
suggests that excess PEI forms a layer over HNT, which leads to diffusional
restrictions to CO<sub>2</sub> entry.<named-content content-type="bibref-group">
<xref rid="ref23" ref-type="bibr"/>,<xref rid="ref34" ref-type="bibr"/>
</named-content> On the other
hand, the powder-like form of 40PEI/MHNT is due to PEI entry and adsorption
into the mesoporous MCM-41 skin.</p><fig position="float" id="fig8" fig-type="figure"><label>8</label><caption><p>Schematic and photographic images illustrating
the effects of PEI
loading on HNT and MHNT adsorbents. (a) The limited surface area of
the tubular HNT leads to low PEI distribution, resulting in an aggregated,
paste-like form upon 40 wt % PEI loading. (b) The incorporation of
a mesoporous MCM-41 skin onto HNT provides a larger surface area and
pore volume, allowing for higher PEI loading while maintaining a powder-like
form.</p></caption><graphic xlink:href="an5c01071_0008" id="gr8" position="float"/></fig><p>In the following section, we compare the CO<sub>2</sub> capture
characteristics of PEI/HNT and PEI/MHNT at various PEI loadings.</p></sec><sec id="sec3.2"><label>3.2</label><title>PEI Loading and CO<sub>2</sub> Capture Analysis</title><p>Our concept for this approach involves generating a mesoporous
silica skin on a clay nanotube HNT to increase its surface area. To
validate this concept, we evaluated the CO<sub>2</sub> capture via
adsorption into PEI-loaded HNT or MHNT particles. This evaluation
was conducted at 75 &#x000b0;C and atmospheric pressure.</p><p>In our
previous study,<xref rid="ref34" ref-type="bibr"/> we found that the optimal
PEI loading for MCM-41 is 30 wt %, achieving a CO<sub>2</sub> capture
capacity of 1.16 mmol<sub>CO2</sub>/g<sub>adsorbent</sub>. The limitations
of this 30 wt % PEI loading are due to the saturation of the external
surface by PEI, which creates a barrier for CO<sub>2</sub> diffusion
and prevents further PEI penetration into the center of the MCM-41
structure.<xref rid="ref34" ref-type="bibr"/>
<xref rid="fig9" ref-type="fig">Figure <xref rid="fig9" ref-type="fig"/>
</xref> shows the CO<sub>2</sub> adsorption capacity
for PEI/HNT and PEI/MHNT at various PEI loadings from 20 to 50 wt
% at 75 &#x000b0;C. For both adsorbents, at low PEI loadings (20 to 30
wt %), the adsorption capacities increase with increasing PEI loading.
At 20 wt % loading, the halloysite nanotube (HNT) support, which has
a large lumen diameter of approximately 30 nm, provides a relatively
open internal structure that allows easier diffusion of CO<sub>2</sub> molecules and higher accessibility to impregnated amine sites. By
contrast, in the MHNT composite, although the total surface area is
substantially increased due to the formation of the MCM-41 coating,
the mesoporous silica layer possesses relatively small pores of about
3 nm in diameter. These smaller mesopores, while beneficial for increasing
surface area and total amine loading, introduce greater diffusional
resistance for CO<sub>2</sub> molecules compared with the wider HNT
lumen, especially at low amine loadings. Consequently, at lower PEI
contents, the overall amine efficiency (defined as the amount of CO<sub>2</sub> adsorbed per amount of amine) is slightly higher for PEI/HNT
than for PEI/MHNT. This difference is primarily attributed to the
greater ease of diffusion of CO<sub>2</sub> through the larger internal
lumen of the HNT, whereas in the MHNT, the tighter mesoporous structure
can partially restrict access of CO<sub>2</sub> to deeply impregnated
amines at low loadings.</p><fig position="float" id="fig9" fig-type="figure"><label>9</label><caption><p>CO<sub>2</sub> adsorption capacity plot showing
the change in the
adsorption capacity of HNT and MHNT at varying PEI loadings.</p></caption><graphic xlink:href="an5c01071_0009" id="gr9" position="float"/></fig><p>Holewinski and coworkers<xref rid="ref53" ref-type="bibr"/> also noted
that, for SBA-15, the amine efficiency of bulk-like polyethylenimine
(PEI) is higher than that of wall-bound PEI at low to moderate loadings,
as bulk-like PEI exhibits faster molecular dynamics, possibly due
to greater accessibility of sorption sites compared to systems with
slower PEI dynamics. In our case, at 20 &#x0202f;wt % PEI loading,
the MHNT is expected to contain a greater proportion of wall-bound
PEI than the HNT, owing to its higher surface area. This structural
difference likely results in a slightly lower amine efficiency for
the MHNT compared to the HNT at the same PEI loading.</p><p>At 30
wt % loading, the HNT and MHNT exhibit similar CO<sub>2</sub> capture
capacities. With a further increase in the PEI loading to
40 wt %, the adsorption capacity of PEI/HNT decreases to 1.41 mmol<sub>CO2</sub>/g<sub>adsorbent</sub>. The MHNT adsorbent indicates an
adsorption capacity of 2.22 mmol<sub>CO2</sub>/g<sub>adsorbent</sub> at 40 wt % loading of PEI, representing a 57% increase in adsorption.
Cai and coworkers<xref rid="ref27" ref-type="bibr"/> also reported similar
results for PEI loading in the HNT. They claimed that at 40&#x0202f;
wt % PEI loading, polyethylenimine (PEI) filled the lumen of halloysite
nanotubes (HNTs), blocking access to the internal amine groups. Additionally,
excess PEI led to the agglomeration of the PEI-coated HNTs and the
formation of larger solid clusters. As a result, CO<sub>2</sub> molecules
could only interact with a limited portion of surface-exposed PEI,
while the majority of internal amine functionalities remained inaccessible.
Consequently, the CO<sub>2</sub> adsorption capacity decreased sharply
at this high loading level. For the MHNT sample at 40 wt % PEI loading,
the benefit of enhanced amine dispersion and a greater surface area
in MHNT becomes dominant, yielding superior CO<sub>2</sub> capture
capacity compared to the HNT.</p><p>In the MHNT composite, which consists
of approximately 35 wt %
MCM-41 and 65 wt % HNT, a total PEI loading of 40 wt % was incorporated.
Since the maximum PEI loading achievable for the pure HNT is 30 wt
%, the additional 10 wt % of PEI can be attributed to the 35 wt %
MCM-41 component of the composite. This corresponds to a normalized
PEI loading of 52.6 wt % within the MCM-41 phase, which significantly
surpasses the capacity typically attainable in bulk MCM-41. This composite
architecture promotes more efficient diffusion of CO<sub>2</sub> to
amine-rich regions, as the thin MCM-41 layer minimizes diffusion barriers
while maintaining accessibility. There is likely an optimum thickness
for the mesoporous silica skin that maximizes capacity while minimizing
diffusion limitations. If the MCM-41 layer is too thick, CO<sub>2</sub> molecules must diffuse a longer distance through narrow channels,
slowing adsorption kinetics. Furthermore, loading PEI uniformly throughout
a thick shell is challenging. Conversely, if the MCM-41 coating is
too thin, it may fail to provide sufficient additional porosity to
meaningfully enhance amine loading, and the resulting material would
be difficult to quantify or compare with the bare HNT. Therefore,
careful control over the MCM-41 layer thickness is essential to balance
amine accessibility, diffusion efficiency, and material characterization.
In our case, the 35 wt % MCM-41 skin in the MHNT composite may not
represent the best configuration, but it does enhance the CO<sub>2</sub> capture efficiency.</p><p>At 50 wt % PEI loading, the CO<sub>2</sub> capture capacity of
HNT continues to decrease due to the same reason as at 40 wt % loading.
When 50 wt % PEI is added to MHNT, the CO<sub>2</sub> capture capacity
decreases significantly, likely due to the support&#x02019;s pores
becoming saturated with the polymer; additional PEI tends to form
a thick, paste-like layer on the external surface, blocking pore entrances
and coating the surface of the HNTs. Farinmade and coworkers<xref rid="ref34" ref-type="bibr"/> reported the use of MCM-41 impregnated with
polyethylenimine (PEI) for CO<sub>2</sub> capture and found that a
30 wt % PEI loading exhibited the highest CO<sub>2</sub> capture capacity.
However, higher PEI loadings led to reduced CO<sub>2</sub> uptake.
PEI loaded on the external surface itself acts as a barrier for internal
PEI that was loaded in MCM-41. For our MHNT, as the high-surface-area
MCM-41 is buried under excessive PEI, the composite behaves increasingly
like an unmodified HNT, diminishing the advantages of the mesoporous
skin. This leads to a sharp decline in the accessible surface area
and pore volume.</p><p>
<xref rid="fig10" ref-type="fig">Figure <xref rid="fig10" ref-type="fig"/>
</xref> shows
the CO<sub>2</sub> adsorption and desorption isotherms for the optimized
CO<sub>2</sub> capture materials, 30PEI/HNT and 40PEI/MHNT, over five
cycles. Both materials exhibit excellent cyclic stability, with 40PEI/MHNT
retaining 99.4% of its adsorption capacity and 30PEI/HNT retaining
99.3%. The slight decrease in CO<sub>2</sub> capacity observed over
repeated cycles is likely attributable to minor PEI degradation, as
previously reported in the literature.<xref rid="ref27" ref-type="bibr"/> These results underscore the excellent stability of both adsorbents
under repeated operational conditions, highlighting their potential
for long-term CO<sub>2</sub> capture applications. A detailed examination
of the initial uptake slopes (inset of <xref rid="fig10" ref-type="fig">Figure <xref rid="fig10" ref-type="fig"/>
</xref>) reveals that both 30PEI/HNT and 40PEI/MHNT
adsorbents have similar initial adsorption rates. Our hypothesis is
that this similarity arises from the presence of sufficient freely
available PEI to rapidly capture CO<sub>2</sub> during the early stage
of adsorption. In other words, the initial adsorption behavior is
governed by an excess of accessible amine sites, allowing for comparable
rates in both systems. Since CO<sub>2</sub> adsorption is essentially
an irreversible chemisorption process forming carbamate species, the
initial uptake is primarily controlled by the availability of amine
groups. However, the MHNT system continues to adsorb CO<sub>2</sub> to a higher saturation level, as CO<sub>2</sub> can also be adsorbed
by the PEI that is loaded in the additional MCM-41 skin.</p><fig position="float" id="fig10" fig-type="figure"><label>10</label><caption><p>Reversibility
test for CO<sub>2</sub> adsorption on 30PEI/HNT and
40PEI/MHNT. The inset shows the initial uptake rate for 30PEI/HNT
and 40PEI/MHNT within the first 60 s of introducing the CO<sub>2</sub> gas.</p></caption><graphic xlink:href="an5c01071_0010" id="gr10" position="float"/></fig></sec></sec><sec id="sec4"><label>4</label><title>Conclusions</title><p>Our study demonstrates
a technique to enhance the CO<sub>2</sub> adsorption capacity of polyethylenimine
(PEI)-loaded halloysite
nanotubes (HNTs) by generating a spindle-shaped mesoporous silica
skin on the external surface of the HNT. The mesoporous silica skin
of MCM-41 is synthesized using a one-step aerosol-assisted method
that is facile and easily amenable to scale-up. Such mesoporous skins
increase the surface area and pore volume of the composite, and result
in hierarchical porosity. The spindle-shaped morphology is unique
and is a consequence of synthesis in the confined environment of a
rapidly evaporating aerosol droplet. We observe that the integration
of the skin onto HNTs enhances the loading capacity of poly&#x000ad;(ethylenimine),
forming a solid class I adsorbent that captures CO<sub>2</sub> through
chemisorption. The enhanced loading capacity of the composite leads
to a 27% increase in the level of CO<sub>2</sub> adsorption.</p><p>Thus, the use of mesoporous silica significantly enhances the diffusion
of amine moieties into materials with large surface areas, thereby
improving PEI loading and carbon capture capabilities. This method
provides hierarchical porosity without compromising structural integrity,
unlike alternative etching methods. These composites essentially retain
the high aspect ratio of HNT and can be integrated into adsorbent
beds and membranes. While the proof-of-concept example shown here
simply involves encapsulation of PEI into the composite, we note that
amine functionalization on the high surface area MCM-41 is also feasible,
with large amine encapsulation in the lumen and small amine functionalization
(e.g., aminopropyltriethoxysilane) in MCM-41. Continuing work seeks
to understand the carbon capture properties of these materials under
realistic flue gas conditions and potentially extrapolate these morphologies
to direct air capture technologies.</p><p>The aerosol approach is
versatile and adaptable to a wide range
of catalytic and adsorption technologies, with significant implications
for molecular transport in porous materials. The results of this study
are potentially applicable to HNT-based technologies, where the tubular
nature of HNTs can be used in nanoscale technologies of drug delivery
and in energy and environmental applications.</p></sec><sec sec-type="supplementary-material"><title>Supplementary Material</title><supplementary-material id="sifile1" position="float" content-type="local-data"><media xlink:href="an5c01071_si_001.pdf"/></supplementary-material></sec></body><back><ack id="ack1"><p>The authors gratefully acknowledge support from
the National Science Foundation (Collaborative Grants nos. 1826146
and 1826213) and from the National Science Foundation Convergence
Accelerator Program (Grant 2230769).</p></ack><notes id="notes1" notes-type="si"><p>The Supporting Information is
available free of charge at <ext-link xlink:href="https://pubs.acs.org/doi/10.1021/acsanm.5c01071?goto=supporting-info" ext-link-type="uri">https://pubs.acs.org/doi/10.1021/acsanm.5c01071</ext-link>.<list list-type="simple" id="silist1"><list-item><p>Fourier transform infrared (FT-IR) spectroscopy analysis
for HNTs, MHNTs, 30PEI/HNT, and 40PEI.MHNT (<ext-link xlink:href="https://pubs.acs.org/doi/suppl/10.1021/acsanm.5c01071/suppl_file/an5c01071_si_001.pdf" ext-link-type="uri">PDF</ext-link>)</p></list-item></list>
</p></notes><notes id="notes2" notes-type="author-contributions"><p>The manuscript
was written through contributions of all authors. All authors have
given approval to the final version of the manuscript.</p></notes><notes id="notes3" notes-type="conflict-of-interest"><p>The authors
declare no competing financial interest.</p></notes><ref-list><ref id="ref1"><element-citation publication-type="journal" id="cit1"><name><surname>Yamada</surname><given-names>H.</given-names></name><article-title>Amine-based
capture of CO2 for utilization and storage</article-title><source>Polymer J.</source><year>2021</year><volume>53</volume><issue>1</issue><fpage>93</fpage><lpage>102</lpage><pub-id pub-id-type="doi">10.1038/s41428-020-00400-y</pub-id></element-citation></ref><ref id="ref2"><element-citation publication-type="journal" id="cit2"><name><surname>Taheri</surname><given-names>F. S.</given-names></name><name><surname>Ghaemi</surname><given-names>A.</given-names></name><name><surname>Maleki</surname><given-names>A.</given-names></name><article-title>High Efficiency and
Eco-Friendly
TEPA-Functionalized Adsorbent with Enhanced Porosity for CO2 Capture</article-title><source>Energy Fuels</source><year>2019</year><volume>33</volume><issue>11</issue><fpage>11465</fpage><lpage>11476</lpage><pub-id pub-id-type="doi">10.1021/acs.energyfuels.9b02636</pub-id></element-citation></ref><ref id="ref3"><element-citation publication-type="journal" id="cit3"><name><surname>Varghese</surname><given-names>A. M.</given-names></name><name><surname>Karanikolos</surname><given-names>G. N.</given-names></name><article-title>CO2 capture
adsorbents functionalized by amine &#x02013;
bearing polymers: A review</article-title><source>Int. J. Greenhouse
Gas Control.</source><year>2020</year><volume>96</volume><fpage>103005</fpage><pub-id pub-id-type="doi">10.1016/j.ijggc.2020.103005</pub-id></element-citation></ref><ref id="ref4"><element-citation publication-type="journal" id="cit4"><name><surname>Ko</surname><given-names>Y. G.</given-names></name><name><surname>Shin</surname><given-names>S. S.</given-names></name><name><surname>Choi</surname><given-names>U. S.</given-names></name><article-title>Primary,
secondary, and tertiary
amines for CO2 capture: Designing for mesoporous CO2 adsorbents</article-title><source>J. Colloid Interface Sci.</source><year>2011</year><volume>361</volume><issue>2</issue><fpage>594</fpage><lpage>602</lpage><pub-id pub-id-type="doi">10.1016/j.jcis.2011.03.045</pub-id><pub-id pub-id-type="pmid">21708387</pub-id>
</element-citation></ref><ref id="ref5"><element-citation publication-type="journal" id="cit5"><name><surname>Matsuzaki</surname><given-names>Y.</given-names></name><name><surname>Yamada</surname><given-names>H.</given-names></name><name><surname>Chowdhury</surname><given-names>F. A.</given-names></name><name><surname>Higashii</surname><given-names>T.</given-names></name><name><surname>Kazama</surname><given-names>S.</given-names></name><name><surname>Onoda</surname><given-names>M.</given-names></name><article-title>Ab Initio Study of
CO2 Capture Mechanisms in Monoethanolamine Aqueous
Solution: Reaction Pathways from Carbamate to Bicarbonate</article-title><source>Energy Proc.</source><year>2013</year><volume>37</volume><fpage>400</fpage><lpage>406</lpage><pub-id pub-id-type="doi">10.1016/j.egypro.2013.05.124</pub-id></element-citation></ref><ref id="ref6"><element-citation publication-type="journal" id="cit6"><name><surname>Said</surname><given-names>R. B.</given-names></name><name><surname>Kolle</surname><given-names>J. M.</given-names></name><name><surname>Essalah</surname><given-names>K.</given-names></name><name><surname>Tangour</surname><given-names>B.</given-names></name><name><surname>Sayari</surname><given-names>A.</given-names></name><article-title>A Unified
Approach to CO2&#x02013;Amine Reaction Mechanisms</article-title><source>ACS Omega</source><year>2020</year><volume>5</volume><issue>40</issue><fpage>26125</fpage><lpage>26133</lpage><pub-id pub-id-type="doi">10.1021/acsomega.0c03727</pub-id><pub-id pub-id-type="pmid">33073140</pub-id>
</element-citation></ref><ref id="ref7"><element-citation publication-type="journal" id="cit7"><name><surname>Hack</surname><given-names>J.</given-names></name><name><surname>Maeda</surname><given-names>N.</given-names></name><name><surname>Meier</surname><given-names>D. M.</given-names></name><article-title>Review on CO2 Capture
Using Amine-Functionalized
Materials</article-title><source>ACS Omega</source><year>2022</year><volume>7</volume><issue>44</issue><fpage>39520</fpage><lpage>39530</lpage><pub-id pub-id-type="doi">10.1021/acsomega.2c03385</pub-id><pub-id pub-id-type="pmid">36385890</pub-id>
</element-citation></ref><ref id="ref8"><element-citation publication-type="journal" id="cit8"><name><surname>Chen</surname><given-names>C.</given-names></name><name><surname>Zhang</surname><given-names>S.</given-names></name><name><surname>Row</surname><given-names>K. H.</given-names></name><name><surname>Ahn</surname><given-names>W.-S.</given-names></name><article-title>Amine&#x02013;silica
composites for CO2 capture: A short review</article-title><source>J. Energy Chem.</source><year>2017</year><volume>26</volume><issue>5</issue><fpage>868</fpage><lpage>880</lpage><pub-id pub-id-type="doi">10.1016/j.jechem.2017.07.001</pub-id></element-citation></ref><ref id="ref9"><element-citation publication-type="journal" id="cit9"><name><surname>Priyadarshini</surname><given-names>P.</given-names></name><name><surname>Rim</surname><given-names>G.</given-names></name><name><surname>Rosu</surname><given-names>C.</given-names></name><name><surname>Song</surname><given-names>M.</given-names></name><name><surname>Jones</surname><given-names>C. W.</given-names></name><article-title>Direct Air Capture
of CO2 Using Amine/Alumina Sorbents at Cold Temperature</article-title><source>ACS Environ. Au.</source><year>2023</year><volume>3</volume><issue>5</issue><fpage>295</fpage><lpage>307</lpage><pub-id pub-id-type="doi">10.1021/acsenvironau.3c00010</pub-id><pub-id pub-id-type="pmid">37743951</pub-id>
</element-citation></ref><ref id="ref10"><element-citation publication-type="journal" id="cit10"><name><surname>Sekizkardes</surname><given-names>A. K.</given-names></name><name><surname>Wang</surname><given-names>P.</given-names></name><name><surname>Hoffman</surname><given-names>J.</given-names></name><name><surname>Budhathoki</surname><given-names>S.</given-names></name><name><surname>Hopkinson</surname><given-names>D.</given-names></name><article-title>Amine-functionalized porous organic
polymers for carbon
dioxide capture</article-title><source>Mater. Adv.</source><year>2022</year><volume>3</volume><issue>17</issue><fpage>6668</fpage><lpage>6686</lpage><pub-id pub-id-type="doi">10.1039/D2MA00235C</pub-id></element-citation></ref><ref id="ref11"><element-citation publication-type="journal" id="cit11"><name><surname>Panda</surname><given-names>D.</given-names></name><name><surname>Kulkarni</surname><given-names>V.</given-names></name><name><surname>Singh</surname><given-names>S. K.</given-names></name><article-title>Evaluation
of amine-based solid adsorbents
for direct air capture: A critical review</article-title><source>React.
Chem. Eng.</source><year>2022</year><volume>8</volume><issue>1</issue><fpage>10</fpage><lpage>40</lpage><pub-id pub-id-type="doi">10.1039/D2RE00211F</pub-id></element-citation></ref><ref id="ref12"><element-citation publication-type="journal" id="cit12"><name><surname>Massaro</surname><given-names>M.</given-names></name><name><surname>Lazzara</surname><given-names>G.</given-names></name><name><surname>Noto</surname><given-names>R.</given-names></name><name><surname>Riela</surname><given-names>S.</given-names></name><article-title>Halloysite nanotubes:
A green resource for materials and life sciences</article-title><source>Rend Lincei Sci Fis Nat.</source><year>2020</year><volume>31</volume><issue>2</issue><fpage>213</fpage><lpage>221</lpage><pub-id pub-id-type="doi">10.1007/s12210-020-00886-x</pub-id></element-citation></ref><ref id="ref13"><element-citation publication-type="journal" id="cit13"><name><surname>Duan</surname><given-names>Z.</given-names></name><name><surname>Zhao</surname><given-names>Q.</given-names></name><name><surname>Wang</surname><given-names>S.</given-names></name><name><surname>Huang</surname><given-names>Q.</given-names></name><name><surname>Yuan</surname><given-names>Z.</given-names></name><name><surname>Zhang</surname><given-names>Y.</given-names></name><name><surname>Jiang</surname><given-names>Y.</given-names></name><name><surname>Tai</surname><given-names>H.</given-names></name><article-title>Halloysite nanotubes:
Natural, environmental-friendly and low-cost nanomaterials for high-performance
humidity sensor</article-title><source>Sens. Actuators, B</source><year>2020</year><volume>317</volume><fpage>128204</fpage><pub-id pub-id-type="doi">10.1016/j.snb.2020.128204</pub-id></element-citation></ref><ref id="ref14"><element-citation publication-type="journal" id="cit14"><name><surname>Mahajan</surname><given-names>S.</given-names></name><name><surname>Lahtinen</surname><given-names>M.</given-names></name><article-title>Recent progress in
metal-organic frameworks (MOFs)
for CO2 capture at different pressures</article-title><source>J. Environ.
Chem. Eng.</source><year>2022</year><volume>10</volume><issue>6</issue><fpage>108930</fpage><pub-id pub-id-type="doi">10.1016/j.jece.2022.108930</pub-id></element-citation></ref><ref id="ref15"><element-citation publication-type="journal" id="cit15"><name><surname>Yuan</surname><given-names>P.</given-names></name><name><surname>Tan</surname><given-names>D.</given-names></name><name><surname>Annabi-Bergaya</surname><given-names>F.</given-names></name><article-title>Properties and applications of halloysite
nanotubes: Recent research advances and future prospects</article-title><source>Appl. Clay Sci.</source><year>2015</year><volume>112&#x02013;113</volume><fpage>75</fpage><lpage>93</lpage><pub-id pub-id-type="doi">10.1016/j.clay.2015.05.001</pub-id></element-citation></ref><ref id="ref16"><element-citation publication-type="journal" id="cit16"><name><surname>Biddeci</surname><given-names>G.</given-names></name><name><surname>Spinelli</surname><given-names>G.</given-names></name><name><surname>Colomba</surname><given-names>P.</given-names></name><name><surname>Di Blasi</surname><given-names>F.</given-names></name><article-title>Nanomaterials:
A Review
about Halloysite Nanotubes, Properties, and Application in the Biological
Field</article-title><source>Int. J. Mol. Sci.</source><year>2022</year><volume>23</volume><issue>19</issue><fpage>11518</fpage><pub-id pub-id-type="doi">10.3390/ijms231911518</pub-id><pub-id pub-id-type="pmid">36232811</pub-id>
</element-citation></ref><ref id="ref17"><element-citation publication-type="journal" id="cit17"><name><surname>Massaro</surname><given-names>M.</given-names></name><name><surname>Noto</surname><given-names>R.</given-names></name><name><surname>Riela</surname><given-names>S. P.</given-names></name><article-title>Present
and Future Perspectives on
Halloysite Clay Minerals</article-title><source>Molecules</source><year>2020</year><volume>25</volume><issue>20</issue><fpage>4863</fpage><pub-id pub-id-type="doi">10.3390/molecules25204863</pub-id><pub-id pub-id-type="pmid">33096852</pub-id>
</element-citation></ref><ref id="ref18"><element-citation publication-type="journal" id="cit18"><name><surname>Jana</surname><given-names>S.</given-names></name><name><surname>Das</surname><given-names>S.</given-names></name><name><surname>Ghosh</surname><given-names>C.</given-names></name><name><surname>Maity</surname><given-names>A.</given-names></name><name><surname>Pradhan</surname><given-names>M.</given-names></name><article-title>Halloysite Nanotubes
Capturing Isotope Selective Atmospheric CO2</article-title><source>Sci. Rep.</source><year>2015</year><volume>5</volume><issue>1</issue><fpage>8711</fpage><pub-id pub-id-type="doi">10.1038/srep08711</pub-id><pub-id pub-id-type="pmid">25736700</pub-id>
</element-citation></ref><ref id="ref19"><element-citation publication-type="journal" id="cit19"><name><surname>Al-Gaashani</surname><given-names>R.</given-names></name><name><surname>Zakaria</surname><given-names>Y.</given-names></name><name><surname>Gladich</surname><given-names>I.</given-names></name><name><surname>Kochkodan</surname><given-names>V.</given-names></name><name><surname>Lawler</surname><given-names>J.</given-names></name><article-title>XPS, structural and
antimicrobial studies of novel
functionalized halloysite nanotubes</article-title><source>Sci. Rep.</source><year>2022</year><volume>12</volume><issue>1</issue><fpage>21633</fpage><pub-id pub-id-type="doi">10.1038/s41598-022-25270-7</pub-id><pub-id pub-id-type="pmid">36517515</pub-id>
</element-citation></ref><ref id="ref20"><element-citation publication-type="journal" id="cit20"><name><surname>Guimar&#x000e3;es</surname><given-names>L.</given-names></name><name><surname>Enyashin</surname><given-names>A. N.</given-names></name><name><surname>Seifert</surname><given-names>G.</given-names></name><name><surname>Duarte</surname><given-names>H. A.</given-names></name><article-title>Structural, Electronic,
and Mechanical Properties of Single-Walled Halloysite Nanotube Models</article-title><source>J. Phys. Chem. C</source><year>2010</year><volume>114</volume><issue>26</issue><fpage>11358</fpage><lpage>11363</lpage><pub-id pub-id-type="doi">10.1021/jp100902e</pub-id></element-citation></ref><ref id="ref21"><element-citation publication-type="journal" id="cit21"><name><surname>Tharmavaram</surname><given-names>M.</given-names></name><name><surname>Pandey</surname><given-names>G.</given-names></name><name><surname>Rawtani</surname><given-names>D.</given-names></name><article-title>Surface modified
halloysite nanotubes:
A flexible interface for biological, environmental and catalytic applications</article-title><source>Adv. Colloid Interface Sci</source><year>2018</year><volume>261</volume><fpage>82</fpage><lpage>101</lpage><pub-id pub-id-type="doi">10.1016/j.cis.2018.09.001</pub-id><pub-id pub-id-type="pmid">30243667</pub-id>
</element-citation></ref><ref id="ref22"><element-citation publication-type="journal" id="cit22"><name><surname>Ajumobi</surname><given-names>O.</given-names></name><name><surname>Wang</surname><given-names>B.</given-names></name><name><surname>Farinmade</surname><given-names>A.</given-names></name><name><surname>He</surname><given-names>J.</given-names></name><name><surname>Valla</surname><given-names>J. A.</given-names></name><name><surname>John</surname><given-names>V. T.</given-names></name><article-title>Design of Nanostraws in Amine-Functionalized
MCM-41
for Improved Adsorption Capacity in Carbon Capture</article-title><source>Energy Fuels</source><year>2023</year><volume>37</volume><issue>16</issue><fpage>12079</fpage><lpage>12088</lpage><pub-id pub-id-type="doi">10.1021/acs.energyfuels.3c01318</pub-id><pub-id pub-id-type="pmid">37609064</pub-id>
</element-citation></ref><ref id="ref23"><element-citation publication-type="journal" id="cit23"><name><surname>Niu</surname><given-names>M.</given-names></name><name><surname>Yang</surname><given-names>H.</given-names></name><name><surname>Zhang</surname><given-names>X.</given-names></name><name><surname>Wang</surname><given-names>Y.</given-names></name><name><surname>Tang</surname><given-names>A.</given-names></name><article-title>Amine-Impregnated
Mesoporous Silica Nanotube as an Emerging Nanocomposite for CO2 Capture</article-title><source>ACS Appl. Mater. Interfaces</source><year>2016</year><volume>8</volume><issue>27</issue><fpage>17312</fpage><lpage>17320</lpage><pub-id pub-id-type="doi">10.1021/acsami.6b05044</pub-id><pub-id pub-id-type="pmid">27315143</pub-id>
</element-citation></ref><ref id="ref24"><element-citation publication-type="journal" id="cit24"><name><surname>Kim</surname><given-names>J.</given-names></name><name><surname>Rubino</surname><given-names>I.</given-names></name><name><surname>Lee</surname><given-names>J.-Y.</given-names></name><name><surname>Choi</surname><given-names>H.-J.</given-names></name><article-title>Application of halloysite
nanotubes for carbon dioxide capture</article-title><source>Mater.
Res. Express.</source><year>2016</year><volume>3</volume><issue>4</issue><fpage>045019</fpage><pub-id pub-id-type="doi">10.1088/2053-1591/3/4/045019</pub-id></element-citation></ref><ref id="ref25"><element-citation publication-type="journal" id="cit25"><name><surname>Buijs</surname><given-names>W.</given-names></name><article-title>CO2 Capture
with PEI: A Molecular Modeling Study of the Ultimate Oxidation Stability
of LPEI and BPEI</article-title><source>ACS Engineering Au.</source><year>2023</year><volume>3</volume><issue>1</issue><fpage>28</fpage><lpage>36</lpage><pub-id pub-id-type="doi">10.1021/acsengineeringau.2c00033</pub-id></element-citation></ref><ref id="ref26"><element-citation publication-type="journal" id="cit26"><name><surname>Wang</surname><given-names>Z.</given-names></name><name><surname>Pang</surname><given-names>Y.</given-names></name><name><surname>Guo</surname><given-names>H.</given-names></name><name><surname>Wang</surname><given-names>H.</given-names></name><name><surname>Liu</surname><given-names>L.</given-names></name><name><surname>Wang</surname><given-names>X.</given-names></name><name><surname>Zhang</surname><given-names>S.</given-names></name><name><surname>Cui</surname><given-names>W.</given-names></name><article-title>Increased CO2 capture
capacity via amino-bifunctionalized halloysite nanotubes adsorbents</article-title><source>Fuel</source><year>2024</year><volume>364</volume><fpage>131036</fpage><pub-id pub-id-type="doi">10.1016/j.fuel.2024.131036</pub-id></element-citation></ref><ref id="ref27"><element-citation publication-type="journal" id="cit27"><name><surname>Cai</surname><given-names>H.</given-names></name><name><surname>Feng</surname><given-names>B.</given-names></name><name><surname>Jie</surname><given-names>G.</given-names></name><name><surname>Tao</surname><given-names>C.</given-names></name><name><surname>Si</surname><given-names>W.</given-names></name><name><surname>Ma</surname><given-names>R.</given-names></name><article-title>Preparation and characterization
of novel carbon dioxide adsorbents
based on polyethylenimine-modified Halloysite nanotubes</article-title><source>Environ. Technol.</source><year>2015</year><volume>36</volume><issue>10</issue><fpage>1273</fpage><lpage>1280</lpage><pub-id pub-id-type="doi">10.1080/09593330.2014.984772</pub-id><pub-id pub-id-type="pmid">25381878</pub-id>
</element-citation></ref><ref id="ref28"><element-citation publication-type="journal" id="cit28"><name><surname>Prinz
Setter</surname><given-names>O.</given-names></name><name><surname>Dahan</surname><given-names>L.</given-names></name><name><surname>Abu Hamad</surname><given-names>H.</given-names></name><name><surname>Segal</surname><given-names>E.</given-names></name><article-title>Acid-etched Halloysite nanotubes as superior carriers for ciprofloxacin</article-title><source>Appl. Clay Sci.</source><year>2022</year><volume>228</volume><fpage>106629</fpage><pub-id pub-id-type="doi">10.1016/j.clay.2022.106629</pub-id></element-citation></ref><ref id="ref29"><element-citation publication-type="journal" id="cit29"><name><surname>Surya</surname><given-names>I.</given-names></name><name><surname>Waesateh</surname><given-names>K.</given-names></name><name><surname>Masa</surname><given-names>A.</given-names></name><name><surname>Hayeemasae</surname><given-names>N.</given-names></name><article-title>Selectively
Etched Halloysite Nanotubes as Performance Booster of Epoxidized Natural
Rubber Composites</article-title><source>Polymers</source><year>2021</year><volume>13</volume><issue>20</issue><fpage>3536</fpage><pub-id pub-id-type="doi">10.3390/polym13203536</pub-id><pub-id pub-id-type="pmid">34685294</pub-id>
</element-citation></ref><ref id="ref30"><element-citation publication-type="journal" id="cit30"><name><surname>Zhang</surname><given-names>T.</given-names></name><name><surname>Juan</surname><given-names>S.</given-names></name><name><surname>Yi</surname><given-names>W.</given-names></name><name><surname>Chen</surname><given-names>Z.</given-names></name><article-title>A novel form-stable
phase change material based on halloysite nanotube for thermal energy
storage</article-title><source>J. Energy Storage.</source><year>2022</year><volume>45</volume><fpage>103703</fpage><pub-id pub-id-type="doi">10.1016/j.est.2021.103703</pub-id></element-citation></ref><ref id="ref31"><element-citation publication-type="journal" id="cit31"><name><surname>Abdullayev</surname><given-names>E.</given-names></name><name><surname>Joshi</surname><given-names>A.</given-names></name><name><surname>Wei</surname><given-names>W.</given-names></name><name><surname>Zhao</surname><given-names>Y.</given-names></name><name><surname>Lvov</surname><given-names>Y.</given-names></name><article-title>Enlargement
of Halloysite Clay Nanotube Lumen by Selective Etching of Aluminum
Oxide</article-title><source>ACS Nano</source><year>2012</year><volume>6</volume><issue>8</issue><fpage>7216</fpage><lpage>7226</lpage><pub-id pub-id-type="doi">10.1021/nn302328x</pub-id><pub-id pub-id-type="pmid">22838310</pub-id>
</element-citation></ref><ref id="ref32"><element-citation publication-type="journal" id="cit32"><name><surname>Lim</surname><given-names>S.</given-names></name><name><surname>Park</surname><given-names>S.</given-names></name><name><surname>Sohn</surname><given-names>D.</given-names></name><article-title>Modification
of Halloysite Nanotubes
for Enhancement of Gas-Adsorption Capacity</article-title><source>Clays Clay Miner.</source><year>2020</year><volume>68</volume><issue>3</issue><fpage>189</fpage><lpage>196</lpage><pub-id pub-id-type="doi">10.1007/s42860-019-00059-4</pub-id></element-citation></ref><ref id="ref33"><element-citation publication-type="journal" id="cit33"><name><surname>Lu</surname><given-names>Y.</given-names></name><name><surname>Fan</surname><given-names>H.</given-names></name><name><surname>Stump</surname><given-names>A.</given-names></name><name><surname>Ward</surname><given-names>T. L.</given-names></name><name><surname>Rieker</surname><given-names>T.</given-names></name><name><surname>Brinker</surname><given-names>C. J.</given-names></name><article-title>Aerosol-assisted
self-assembly of mesostructured spherical nanoparticles</article-title><source>Nature</source><year>1999</year><volume>398</volume><issue>6724</issue><fpage>223</fpage><lpage>226</lpage><pub-id pub-id-type="doi">10.1038/18410</pub-id></element-citation></ref><ref id="ref34"><element-citation publication-type="journal" id="cit34"><name><surname>Farinmade</surname><given-names>A.</given-names></name><name><surname>Ajumobi</surname><given-names>O.</given-names></name><name><surname>Yu</surname><given-names>L.</given-names></name><name><surname>Su</surname><given-names>Y.</given-names></name><name><surname>Zhang</surname><given-names>Y.</given-names></name><name><surname>Lou</surname><given-names>Y.</given-names></name><name><surname>Valla</surname><given-names>J. A.</given-names></name><name><surname>John</surname><given-names>V. T.</given-names></name><article-title>Tubular
Clay Nano-Straws in Ordered
Mesoporous Particles Create Hierarchical Porosities Leading to Improved
CO2 Uptake</article-title><source>Ind. Eng. Chem. Res.</source><year>2022</year><volume>61</volume><issue>4</issue><fpage>1694</fpage><lpage>1703</lpage><pub-id pub-id-type="doi">10.1021/acs.iecr.1c03645</pub-id></element-citation></ref><ref id="ref35"><element-citation publication-type="journal" id="cit35"><name><surname>Kruk</surname><given-names>M.</given-names></name><name><surname>Jaroniec</surname><given-names>M.</given-names></name><name><surname>Kim</surname><given-names>J. M.</given-names></name><name><surname>Ryoo</surname><given-names>R.</given-names></name><article-title>Characterization of
Highly Ordered MCM-41 Silicas Using X-ray Diffraction and Nitrogen
Adsorption</article-title><source>Langmuir</source><year>1999</year><volume>15</volume><issue>16</issue><fpage>5279</fpage><lpage>5284</lpage><pub-id pub-id-type="doi">10.1021/la990179v</pub-id></element-citation></ref><ref id="ref36"><element-citation publication-type="journal" id="cit36"><name><surname>Lu</surname><given-names>Y.</given-names></name><name><surname>Ganguli</surname><given-names>R.</given-names></name><name><surname>Drewien</surname><given-names>C. A.</given-names></name><name><surname>Anderson</surname><given-names>M. T.</given-names></name><name><surname>Brinker</surname><given-names>C. J.</given-names></name><name><surname>Gong</surname><given-names>W.</given-names></name><name><surname>Guo</surname><given-names>Y.</given-names></name><name><surname>Soyez</surname><given-names>H.</given-names></name><name><surname>Dunn</surname><given-names>B.</given-names></name><name><surname>Huang</surname><given-names>M. H.</given-names></name><name><surname>Zink</surname><given-names>J. I.</given-names></name><article-title>Continuous
formation of supported
cubic and hexagonal mesoporous films by sol&#x02013;gel dip-coating</article-title><source>Nature</source><year>1997</year><volume>389</volume><issue>6649</issue><fpage>364</fpage><lpage>368</lpage><pub-id pub-id-type="doi">10.1038/38699</pub-id></element-citation></ref><ref id="ref37"><element-citation publication-type="journal" id="cit37"><name><surname>Ajumobi</surname><given-names>O.</given-names></name><name><surname>Su</surname><given-names>Y.</given-names></name><name><surname>Farinmade</surname><given-names>A.</given-names></name><name><surname>Yu</surname><given-names>L.</given-names></name><name><surname>He</surname><given-names>J. B.</given-names></name><name><surname>Valla</surname><given-names>J. A.</given-names></name><name><surname>John</surname><given-names>V. T.</given-names></name><article-title>Integrating Halloysite
Nanostraws in Porous Catalyst
Supports to Enhance Molecular Transport</article-title><source>ACS
Appl. Nano Mater.</source><year>2021</year><volume>4</volume><issue>8</issue><fpage>8455</fpage><lpage>8464</lpage><pub-id pub-id-type="doi">10.1021/acsanm.1c01678</pub-id><pub-id pub-id-type="pmid">34485846</pub-id>
</element-citation></ref><ref id="ref38"><element-citation publication-type="journal" id="cit38"><name><surname>Ajumobi</surname><given-names>O.</given-names></name><name><surname>Wang</surname><given-names>B. R.</given-names></name><name><surname>Farinmade</surname><given-names>A.</given-names></name><name><surname>He</surname><given-names>J. B.</given-names></name><name><surname>Valla</surname><given-names>J. A.</given-names></name><name><surname>John</surname><given-names>V. T.</given-names></name><article-title>Design of Nanostraws
in Amine-Functionalized MCM-41
for Improved Adsorption Capacity in Carbon Capture</article-title><source>Energy Fuels</source><year>2023</year><volume>37</volume><issue>16</issue><fpage>12079</fpage><lpage>12088</lpage><pub-id pub-id-type="doi">10.1021/acs.energyfuels.3c01318</pub-id><pub-id pub-id-type="pmid">37609064</pub-id>
</element-citation></ref><ref id="ref39"><element-citation publication-type="journal" id="cit39"><name><surname>Farinmade</surname><given-names>A.</given-names></name><name><surname>Ajumobi</surname><given-names>O.</given-names></name><name><surname>Yu</surname><given-names>L.</given-names></name><name><surname>Su</surname><given-names>Y.</given-names></name><name><surname>Zhang</surname><given-names>Y. H.</given-names></name><name><surname>Lou</surname><given-names>Y. Y.</given-names></name><name><surname>Valla</surname><given-names>J. A.</given-names></name><name><surname>John</surname><given-names>V. T.</given-names></name><article-title>Tubular
Clay Nano-Straws
in Ordered Mesoporous Particles Create Hierarchical Porosities Leading
to Improved CO2 Uptake</article-title><source>Ind. Eng. Chem. Res.</source><year>2022</year><volume>61</volume><issue>4</issue><fpage>1694</fpage><lpage>1703</lpage><pub-id pub-id-type="doi">10.1021/acs.iecr.1c03645</pub-id></element-citation></ref><ref id="ref40"><mixed-citation publication-type="weblink" id="cit40">
<source>Medline Hudson
RCI Micro Mist Nebulizers</source>. <uri xlink:href="https://www.medline.com/ce/product/Medline-Hudson-RCI-Micro-Mist-Nebulizers/Z05-PF41527?sku=MDPHUD1881%20(accessed">https://www.medline.com/ce/product/Medline-Hudson-RCI-Micro-Mist-Nebulizers/Z05-PF41527?sku=MDPHUD1881</uri>.</mixed-citation></ref><ref id="ref41"><element-citation publication-type="journal" id="cit41"><name><surname>Liu</surname><given-names>Z.-L.</given-names></name><name><surname>Teng</surname><given-names>Y.</given-names></name><name><surname>Zhang</surname><given-names>K.</given-names></name><name><surname>Cao</surname><given-names>Y.</given-names></name><name><surname>Pan</surname><given-names>W.-P.</given-names></name><article-title>CO2 adsorption
properties and thermal stability of different amine-impregnated MCM-41
materials</article-title><source>J. Fuel Chem. Technol.</source><year>2013</year><volume>41</volume><issue>4</issue><fpage>469</fpage><lpage>475</lpage><pub-id pub-id-type="doi">10.1016/S1872-5813(13)60025-0</pub-id></element-citation></ref><ref id="ref42"><element-citation publication-type="journal" id="cit42"><name><surname>Park</surname><given-names>S.</given-names></name><name><surname>Ryu</surname><given-names>J.</given-names></name><name><surname>Cho</surname><given-names>H. Y.</given-names></name><name><surname>Sohn</surname><given-names>D.</given-names></name><article-title>Halloysite nanotubes loaded with
HKUST-1 for CO2 adsorption</article-title><source>Colloids Surf.,
A</source><year>2022</year><volume>651</volume><fpage>129750</fpage><pub-id pub-id-type="doi">10.1016/j.colsurfa.2022.129750</pub-id></element-citation></ref><ref id="ref43"><element-citation publication-type="journal" id="cit43"><name><surname>Goloub</surname><given-names>T. P.</given-names></name><name><surname>Koopal</surname><given-names>L. K.</given-names></name><name><surname>Bijsterbosch</surname><given-names>B. H.</given-names></name><name><surname>Sidorova</surname><given-names>M. P.</given-names></name><article-title>Adsorption of Cationic
Surfactants on Silica. Surface Charge Effects</article-title><source>Langmuir</source><year>1996</year><volume>12</volume><issue>13</issue><fpage>3188</fpage><lpage>3194</lpage><pub-id pub-id-type="doi">10.1021/la9505475</pub-id></element-citation></ref><ref id="ref44"><element-citation publication-type="journal" id="cit44"><name><surname>Yang</surname><given-names>H.</given-names></name><name><surname>Kuperman</surname><given-names>A.</given-names></name><name><surname>Coombs</surname><given-names>N.</given-names></name><name><surname>Mamiche-Afara</surname><given-names>S.</given-names></name><name><surname>Ozin</surname><given-names>G. A.</given-names></name><article-title>Synthesis of oriented films of mesoporous silica on
mica</article-title><source>Nature</source><year>1996</year><volume>379</volume><issue>6567</issue><fpage>703</fpage><lpage>705</lpage><pub-id pub-id-type="doi">10.1038/379703a0</pub-id></element-citation></ref><ref id="ref45"><element-citation publication-type="journal" id="cit45"><name><surname>Brinker</surname><given-names>C. J.</given-names></name><name><surname>Lu</surname><given-names>Y.</given-names></name><name><surname>Sellinger</surname><given-names>A.</given-names></name><name><surname>Fan</surname><given-names>H.</given-names></name><article-title>Evaporation-Induced Self-Assembly:
Nanostructures Made Easy</article-title><source>Adv. Mater.</source><year>1999</year><volume>11</volume><issue>7</issue><fpage>579</fpage><lpage>585</lpage><pub-id pub-id-type="doi">10.1002/(SICI)1521-4095(199905)11:7&#x0003c;579::AID-ADMA579&#x0003e;3.0.CO;2-R</pub-id></element-citation></ref><ref id="ref46"><element-citation publication-type="journal" id="cit46"><name><surname>Kim</surname><given-names>S.</given-names></name><name><surname>Philippot</surname><given-names>S.</given-names></name><name><surname>Fontanay</surname><given-names>S.</given-names></name><name><surname>Duval</surname><given-names>R. E.</given-names></name><name><surname>Lamouroux</surname><given-names>E.</given-names></name><name><surname>Canilho</surname><given-names>N.</given-names></name><name><surname>Pasc</surname><given-names>A.</given-names></name><article-title>pH- and glutathione-responsive release
of curcumin from mesoporous silica nanoparticles coated using tannic
acid&#x02013;Fe&#x000ad;(iii) complex</article-title><source>RSC Adv.</source><year>2015</year><volume>5</volume><issue>110</issue><fpage>90550</fpage><lpage>90558</lpage><pub-id pub-id-type="doi">10.1039/C5RA16004A</pub-id></element-citation></ref><ref id="ref47"><element-citation publication-type="journal" id="cit47"><name><surname>Thommes</surname><given-names>M.</given-names></name><name><surname>Kaneko</surname><given-names>K.</given-names></name><name><surname>Neimark</surname><given-names>A.</given-names></name><name><surname>Olivier</surname><given-names>J.</given-names></name><name><surname>Rodriguez-Reinoso</surname><given-names>F.</given-names></name><name><surname>Rouquerol</surname><given-names>J.</given-names></name><name><surname>Sing</surname><given-names>K.</given-names></name><article-title>Physisorption of gases, with special
reference to the evaluation of surface area and pore size distribution
(IUPAC Technical Report)</article-title><source>Pure Appl. Chem.</source><year>2015</year><volume>87</volume><fpage>1051</fpage><lpage>1069</lpage><pub-id pub-id-type="doi">10.1515/pac-2014-1117</pub-id></element-citation></ref><ref id="ref48"><element-citation publication-type="journal" id="cit48"><name><surname>Thommes</surname><given-names>M.</given-names></name><name><surname>Cychosz</surname><given-names>K. A.</given-names></name><article-title>Physical adsorption characterization
of nanoporous
materials: Progress and challenges</article-title><source>Adsorption</source><year>2014</year><volume>20</volume><issue>2</issue><fpage>233</fpage><lpage>250</lpage><pub-id pub-id-type="doi">10.1007/s10450-014-9606-z</pub-id></element-citation></ref><ref id="ref49"><element-citation publication-type="journal" id="cit49"><name><surname>Kruk</surname><given-names>M.</given-names></name><name><surname>Jaroniec</surname><given-names>M.</given-names></name><article-title>Gas Adsorption Characterization of Ordered Organic&#x02013;Inorganic
Nanocomposite Materials</article-title><source>Chem. Mater.</source><year>2001</year><volume>13</volume><issue>10</issue><fpage>3169</fpage><lpage>3183</lpage><pub-id pub-id-type="doi">10.1021/cm0101069</pub-id></element-citation></ref><ref id="ref50"><element-citation publication-type="journal" id="cit50"><name><surname>Sar&#x00131;
Y&#x00131;lmaz</surname><given-names>M.</given-names></name><name><surname>Dere &#x000d6;zdemir</surname><given-names>&#x000d6;.</given-names></name><name><surname>Pi&#x0015f;kin</surname><given-names>S.</given-names></name><article-title>Synthesis
and characterization of MCM-41 with different methods and adsorption
of Sr2+ on MCM-41</article-title><source>Res. Chem. Intermed.</source><year>2015</year><volume>41</volume><issue>1</issue><fpage>199</fpage><lpage>211</lpage><pub-id pub-id-type="doi">10.1007/s11164-013-1182-4</pub-id></element-citation></ref><ref id="ref51"><element-citation publication-type="journal" id="cit51"><name><surname>Liu</surname><given-names>S.-H.</given-names></name><name><surname>Hsiao</surname><given-names>W.-C.</given-names></name><name><surname>Sie</surname><given-names>W.-H.</given-names></name><article-title>Tetraethylenepentamine-modified mesoporous
adsorbents for CO2 capture: Effects of preparation methods</article-title><source>Adsorption</source><year>2012</year><volume>18</volume><issue>5</issue><fpage>431</fpage><lpage>437</lpage><pub-id pub-id-type="doi">10.1007/s10450-012-9429-8</pub-id></element-citation></ref><ref id="ref52"><element-citation publication-type="journal" id="cit52"><name><surname>Tumuluri</surname><given-names>U.</given-names></name><name><surname>Isenberg</surname><given-names>M.</given-names></name><name><surname>Tan</surname><given-names>C.-S.</given-names></name><name><surname>Chuang</surname><given-names>S. S. C.</given-names></name><article-title>In Situ
Infrared
Study of the Effect of Amine Density on the Nature of Adsorbed CO2
on Amine-Functionalized Solid Sorbents</article-title><source>Langmuir</source><year>2014</year><volume>30</volume><issue>25</issue><fpage>7405</fpage><lpage>7413</lpage><pub-id pub-id-type="doi">10.1021/la501284y</pub-id><pub-id pub-id-type="pmid">24897297</pub-id>
</element-citation></ref><ref id="ref53"><element-citation publication-type="journal" id="cit53"><name><surname>Holewinski</surname><given-names>A.</given-names></name><name><surname>Sakwa-Novak</surname><given-names>M. A.</given-names></name><name><surname>Carrillo</surname><given-names>J.-M. Y.</given-names></name><name><surname>Potter</surname><given-names>M. E.</given-names></name><name><surname>Ellebracht</surname><given-names>N.</given-names></name><name><surname>Rother</surname><given-names>G.</given-names></name><name><surname>Sumpter</surname><given-names>B. G.</given-names></name><name><surname>Jones</surname><given-names>C. W.</given-names></name><article-title>Aminopolymer Mobility
and Support Interactions in Silica-PEI Composites for CO2 Capture
Applications: A Quasielastic Neutron Scattering Study</article-title><source>J. Phys. Chem. B</source><year>2017</year><volume>121</volume><issue>27</issue><fpage>6721</fpage><lpage>6731</lpage><pub-id pub-id-type="doi">10.1021/acs.jpcb.7b04106</pub-id><pub-id pub-id-type="pmid">28558209</pub-id>
</element-citation></ref></ref-list></back></article>