{"downloaded": true, "htmlmade": false, "id": "40668833", "source": "MED", "pmid": "40668833", "pmcid": "PMC12304965", "fullTextIdList": {"fullTextId": "PMC12304965"}, "doi": "10.1073/pnas.2404677122", "title": "How to design better incentives for carbon capture and storage in the United States.", "authorString": "Olmstead SM, Leibowicz BD, Mason CF, Waxman AR, Grubert E, Huber-Rodriguez HR, Stemmler J.", "authorList": {"author": [{"fullName": "Olmstead SM", "firstName": "Sheila M", "lastName": "Olmstead", "initials": "SM", "authorId": {"@type": "ORCID", "#text": "0000-0002-9572-943X"}, "authorAffiliationDetailsList": {"authorAffiliation": [{"affiliation": "Jeb E. Brooks School of Public Policy, Cornell University, Ithaca, NY 14853."}, {"affiliation": "Atkinson Center for Sustainability, Cornell University, Ithaca, NY 14853."}, {"affiliation": "Resources for the Future, Washington, DC 20036."}]}}, {"fullName": "Leibowicz BD", "firstName": "Benjamin D", "lastName": "Leibowicz", "initials": "BD", "authorAffiliationDetailsList": {"authorAffiliation": {"affiliation": "Operations Research and Industrial Engineering, Cockrell School of Engineering, University of Texas at Austin, Austin, TX 78712."}}}, {"fullName": "Mason CF", "firstName": "Charles F", "lastName": "Mason", "initials": "CF", "authorAffiliationDetailsList": {"authorAffiliation": [{"affiliation": "Resources for the Future, Washington, DC 20036."}, {"affiliation": "Department of Economics, College of Business, University of Wyoming, Laramie, WY 82071."}]}}, {"fullName": "Waxman AR", "firstName": "Andrew R", "lastName": "Waxman", "initials": "AR", "authorId": {"@type": "ORCID", "#text": "0000-0002-7804-4025"}, "authorAffiliationDetailsList": {"authorAffiliation": {"affiliation": "LBJ School of Public Affairs, University of Texas at Austin, Austin, TX 78712."}}}, {"fullName": "Grubert E", "firstName": "Emily", "lastName": "Grubert", "initials": "E", "authorId": {"@type": "ORCID", "#text": "0000-0003-2196-7571"}, "authorAffiliationDetailsList": {"authorAffiliation": {"affiliation": "Keough School of Global Affairs, University of Notre Dame, Notre Dame, IN 46556."}}}, {"fullName": "Huber-Rodriguez HR", "firstName": "H R", "lastName": "Huber-Rodriguez", "initials": "HR", "authorAffiliationDetailsList": {"authorAffiliation": {"affiliation": "Beveridge & Diamond PC, Austin, TX 78701."}}}, {"fullName": "Stemmler J", "firstName": "Joseph", "lastName": "Stemmler", "initials": "J", "authorAffiliationDetailsList": {"authorAffiliation": {"affiliation": "CO2RE Hub, Smith School of Enterprise & Environment, Oxford University, Oxford OX1 3QY, United Kingdom."}}}]}, "authorIdList": {"authorId": [{"@type": "ORCID", "#text": "0000-0002-7804-4025"}, {"@type": "ORCID", "#text": "0000-0002-9572-943X"}, {"@type": "ORCID", "#text": "0000-0003-2196-7571"}]}, "dataLinksTagsList": {"dataLinkstag": "altmetrics"}, "journalInfo": {"issue": "29", "volume": "122", "journalIssueId": "3974596", "dateOfPublication": "2025 Jul", "monthOfPublication": "7", "yearOfPublication": "2025", "printPublicationDate": "2025-07-01", "journal": {"title": "Proceedings of the National Academy of Sciences of the United States of America", "ISOAbbreviation": "Proc Natl Acad Sci U S A", "medlineAbbreviation": "Proc Natl Acad Sci U S A", "NLMid": "7505876", "ISSN": "0027-8424", "ESSN": "1091-6490"}}, "pubYear": "2025", "pageInfo": "e2404677122", "affiliation": "Jeb E. Brooks School of Public Policy, Cornell University, Ithaca, NY 14853.", "publicationStatus": "ppublish", "language": "eng", "pubModel": "Print-Electronic", "pubTypeList": {"pubType": ["research-article", "Journal Article"]}, "grantsList": {"grant": [{"grantId": "G-2021-14150", "agency": "Alfred P. Sloan Foundation", "orderIn": "0"}, {"grantId": "G-2021-14150", "agency": "Alfred P. Sloan Foundation (APSF)", "orderIn": "0"}]}, "subsetList": {"subset": {"code": "IM", "name": "Index Medicus"}}, "fullTextUrlList": {"fullTextUrl": [{"availability": "Subscription required", "availabilityCode": "S", "documentStyle": "doi", "site": "DOI", "url": "https://doi.org/10.1073/pnas.2404677122"}, {"availability": "Open access", "availabilityCode": "OA", "documentStyle": "html", "site": "Europe_PMC", "url": "https://europepmc.org/articles/PMC12304965"}, {"availability": "Open access", "availabilityCode": "OA", "documentStyle": "pdf", "site": "Europe_PMC", "url": "https://europepmc.org/articles/PMC12304965?pdf=render"}]}, "isOpenAccess": "Y", "inEPMC": "Y", "inPMC": "Y", "hasPDF": "Y", "hasBook": "N", "hasSuppl": "N", "citedByCount": "0", "hasData": "N", "hasReferences": "Y", "hasTextMinedTerms": "Y", "hasDbCrossReferences": "N", "hasLabsLinks": "Y", "license": "cc by-nc-nd", "hasEvaluations": "N", "authMan": "N", "epmcAuthMan": "N", "nihAuthMan": "N", "hasTMAccessionNumbers": "N", "dateOfCreation": "2025-07-16", "firstIndexDate": "2025-07-16", "fullTextReceivedDate": "2025-07-31", "dateOfRevision": "2025-07-31", "electronicPublicationDate": "2025-07-16", "firstPublicationDate": "2025-07-16"}