{"nextCursorMark": "AoIIQWhAJSg1MzgxMDQ5MA==", "papers": {"PMC12492443": {"downloaded": true, "pdfdownloaded": true, "jsondownloaded": true, "csvmade": false, "htmlmade": true, "id": "41050790", "source": "MED", "pmid": "41050790", "pmcid": "PMC12492443", "fullTextIdList": {"fullTextId": "PMC12492443"}, "doi": "10.3389/fpsyg.2025.1675673", "title": "Editorial: Climate change challenge: adaptation to climate change.", "authorString": "Carrus G, Massullo C, Tiberio L, Fusaro L, Steinebach C.", "authorList": {"author": [{"fullName": "Carrus G", "firstName": "Giuseppe", "lastName": "Carrus", "initials": "G", "authorAffiliationDetailsList": {"authorAffiliation": {"affiliation": "Department of Education, Roma Tre University, Rome, Italy."}}}, {"fullName": "Massullo C", "firstName": "Chiara", "lastName": "Massullo", "initials": "C", "authorAffiliationDetailsList": {"authorAffiliation": {"affiliation": "Department of Education, Roma Tre University, Rome, Italy."}}}, {"fullName": "Tiberio L", "firstName": "Lorenza", "lastName": "Tiberio", "initials": "L", "authorAffiliationDetailsList": {"authorAffiliation": {"affiliation": "Department of Education, Roma Tre University, Rome, Italy."}}}, {"fullName": "Fusaro L", "firstName": "Lina", "lastName": "Fusaro", "initials": "L", "authorAffiliationDetailsList": {"authorAffiliation": {"affiliation": "Institute of BioEconomy (IBE), National Research Council, Rome, Italy."}}}, {"fullName": "Steinebach C", "firstName": "Christoph", "lastName": "Steinebach", "initials": "C", "authorAffiliationDetailsList": {"authorAffiliation": {"affiliation": "Z\u00fcrich University of Applied Sciences, Zurich, Switzerland."}}}]}, "dataLinksTagsList": {"dataLinkstag": "altmetrics"}, "journalInfo": {"volume": "16", "journalIssueId": "3893293", "dateOfPublication": "2025", "monthOfPublication": "0", "yearOfPublication": "2025", "printPublicationDate": "2025-01-01", "journal": {"title": "Frontiers in psychology", "ISOAbbreviation": "Front Psychol", "medlineAbbreviation": "Front Psychol", "NLMid": "101550902", "ISSN": "1664-1078", "ESSN": "1664-1078"}}, "pubYear": "2025", "pageInfo": "1675673", "affiliation": "Department of Education, Roma Tre University, Rome, Italy.", "publicationStatus": "epublish", "language": "eng", "pubModel": "Electronic-eCollection", "pubTypeList": {"pubType": "Editorial"}, "keywordList": {"keyword": ["Climate change", "Adaptation", "Sustainability", "Wellbeing", "Ecological Behavior", "Resilience To Climate Change"]}, "fullTextUrlList": {"fullTextUrl": [{"availability": "Subscription required", "availabilityCode": "S", "documentStyle": "doi", "site": "DOI", "url": "https://doi.org/10.3389/fpsyg.2025.1675673"}, {"availability": "Open access", "availabilityCode": "OA", "documentStyle": "html", "site": "Europe_PMC", "url": "https://europepmc.org/articles/PMC12492443"}, {"availability": "Open access", "availabilityCode": "OA", "documentStyle": "pdf", "site": "Europe_PMC", "url": "https://europepmc.org/articles/PMC12492443?pdf=render"}]}, "isOpenAccess": "Y", "inEPMC": "Y", "inPMC": "Y", "hasPDF": "Y", "hasBook": "N", "hasSuppl": "N", "citedByCount": "0", "hasData": "N", "hasReferences": "Y", "hasTextMinedTerms": "Y", "hasDbCrossReferences": "N", "hasLabsLinks": "Y", "license": "cc by", "hasEvaluations": "N", "authMan": "N", "epmcAuthMan": "N", "nihAuthMan": "N", "hasTMAccessionNumbers": "N", "dateOfCompletion": "2025-10-06", "dateOfCreation": "2025-10-06", "firstIndexDate": "2025-10-06", "fullTextReceivedDate": "2025-10-06", "dateOfRevision": "2025-10-08", "electronicPublicationDate": "2025-09-19", "firstPublicationDate": "2025-09-19"}, "PMC12581051": {"downloaded": true, "pdfdownloaded": true, "jsondownloaded": true, "csvmade": false, "htmlmade": true, "id": "41177557", "source": "MED", "pmid": "41177557", "pmcid": "PMC12581051", "fullTextIdList": {"fullTextId": "PMC12581051"}, "doi": "10.1136/bmjpo-2025-003930", "title": "Climate change: the African child.", "authorString": "Zwi K, Goldhagen J, Chungu C, Okinda TH, Namunyak G, Kyeremateng R.", "authorList": {"author": [{"fullName": "Zwi K", "firstName": "Karen", "lastName": "Zwi", "initials": "K", "authorId": {"@type": "ORCID", "#text": "0000-0002-5561-5200"}, "authorAffiliationDetailsList": {"authorAffiliation": [{"affiliation": "School of Women's and Children's Health, University of New South Wales - Randwick Campus, Randwick, New South Wales, Australia karen.zwi@health.nsw.gov.au."}, {"affiliation": "Sydney Children's Hospitals Network Randwick and Westmead, Westmead, New South Wales, Australia."}]}}, {"fullName": "Goldhagen J", "firstName": "Jeffrey", "lastName": "Goldhagen", "initials": "J", "authorId": {"@type": "ORCID", "#text": "0000-0001-7661-1551"}, "authorAffiliationDetailsList": {"authorAffiliation": [{"affiliation": "Paediatrics, University of Florida, Jacksonville, Jacksonville, Florida, USA."}, {"affiliation": "Ponte Vedra Beach, Florida, USA."}]}}, {"fullName": "Chungu C", "firstName": "Chalilwe", "lastName": "Chungu", "initials": "C", "authorAffiliationDetailsList": {"authorAffiliation": [{"affiliation": "Programming, Catholic Relief Services, Lusaka, Lusaka, Zambia."}, {"affiliation": "Execuitive, Zambia Paediatric Association, Lusaka, Lusaka, Zambia."}]}}, {"fullName": "Okinda TH", "firstName": "Thomas Hardson", "lastName": "Okinda", "initials": "TH", "authorId": {"@type": "ORCID", "#text": "0009-0008-7289-9074"}, "authorAffiliationDetailsList": {"authorAffiliation": {"affiliation": "Youth Greenspace Action and Network Organisation, Nairobi, Kenya."}}}, {"fullName": "Namunyak G", "firstName": "Grace", "lastName": "Namunyak", "initials": "G", "authorAffiliationDetailsList": {"authorAffiliation": {"affiliation": "Enamunyak Foundation, Narok, Kenya."}}}, {"fullName": "Kyeremateng R", "firstName": "Rosina", "lastName": "Kyeremateng", "initials": "R", "authorId": {"@type": "ORCID", "#text": "0000-0002-1821-6913"}, "authorAffiliationDetailsList": {"authorAffiliation": [{"affiliation": "Community Paediatrics, Sirona Care and Health Community Interest Company, Bristol, UK."}, {"affiliation": "International Society for Social Pediatrics and Child Health."}]}}]}, "authorIdList": {"authorId": [{"@type": "ORCID", "#text": "0000-0001-7661-1551"}, {"@type": "ORCID", "#text": "0000-0002-1821-6913"}, {"@type": "ORCID", "#text": "0000-0002-5561-5200"}, {"@type": "ORCID", "#text": "0009-0008-7289-9074"}]}, "journalInfo": {"issue": "1", "volume": "9", "journalIssueId": "4040802", "dateOfPublication": "2025 Nov", "monthOfPublication": "11", "yearOfPublication": "2025", "printPublicationDate": "2025-11-01", "journal": {"title": "BMJ paediatrics open", "ISOAbbreviation": "BMJ Paediatr Open", "medlineAbbreviation": "BMJ Paediatr Open", "NLMid": "101715309", "ISSN": "2399-9772", "ESSN": "2399-9772"}}, "pubYear": "2025", "pageInfo": "e003930", "affiliation": "School of Women's and Children's Health, University of New South Wales - Randwick Campus, Randwick, New South Wales, Australia karen.zwi@health.nsw.gov.au.", "publicationStatus": "epublish", "language": "eng", "pubModel": "Electronic", "pubTypeList": {"pubType": ["discussion", "Journal Article"]}, "keywordList": {"keyword": ["Children", "Child Health", "Health Policy", "Low And Middle Income Countries"]}, "subsetList": {"subset": {"code": "IM", "name": "Index Medicus"}}, "fullTextUrlList": {"fullTextUrl": [{"availability": "Subscription required", "availabilityCode": "S", "documentStyle": "doi", "site": "DOI", "url": "https://doi.org/10.1136/bmjpo-2025-003930"}, {"availability": "Open access", "availabilityCode": "OA", "documentStyle": "html", "site": "Europe_PMC", "url": "https://europepmc.org/articles/PMC12581051"}, {"availability": "Open access", "availabilityCode": "OA", "documentStyle": "pdf", "site": "Europe_PMC", "url": "https://europepmc.org/articles/PMC12581051?pdf=render"}]}, "isOpenAccess": "Y", "inEPMC": "Y", "inPMC": "Y", "hasPDF": "Y", "hasBook": "N", "hasSuppl": "N", "citedByCount": "0", "hasData": "N", "hasReferences": "Y", "hasTextMinedTerms": "Y", "hasDbCrossReferences": "N", "hasLabsLinks": "N", "license": "cc by-nc", "hasEvaluations": "N", "authMan": "N", "epmcAuthMan": "N", "nihAuthMan": "N", "hasTMAccessionNumbers": "N", "dateOfCreation": "2025-11-02", "firstIndexDate": "2025-11-03", "fullTextReceivedDate": "2025-11-05", "dateOfRevision": "2025-11-05", "electronicPublicationDate": "2025-11-02", "firstPublicationDate": "2025-11-02"}}}