{"downloaded": true, "htmlmade": false, "id": "40634332", "source": "MED", "pmid": "40634332", "pmcid": "PMC12241579", "fullTextIdList": {"fullTextId": "PMC12241579"}, "doi": "10.1038/s41467-025-61525-3", "title": "A Membraneless Electrochemically Mediated Amine Regeneration for Carbon Capture.", "authorString": "Hassan A, Afshari M, Rahimi M.", "authorList": {"author": [{"fullName": "Hassan A", "firstName": "Ahmad", "lastName": "Hassan", "initials": "A", "authorId": {"@type": "ORCID", "#text": "0000-0001-7857-0685"}, "authorAffiliationDetailsList": {"authorAffiliation": {"affiliation": "Department of Civil and Environmental Engineering, University of Houston, Houston, TX, 77204, USA."}}}, {"fullName": "Afshari M", "firstName": "Mohsen", "lastName": "Afshari", "initials": "M", "authorId": {"@type": "ORCID", "#text": "0009-0000-7096-6546"}, "authorAffiliationDetailsList": {"authorAffiliation": {"affiliation": "Department of Civil and Environmental Engineering, University of Houston, Houston, TX, 77204, USA."}}}, {"fullName": "Rahimi M", "firstName": "Mim", "lastName": "Rahimi", "initials": "M", "authorId": {"@type": "ORCID", "#text": "0000-0003-4443-6239"}, "authorAffiliationDetailsList": {"authorAffiliation": [{"affiliation": "Department of Civil and Environmental Engineering, University of Houston, Houston, TX, 77204, USA. mrahimi@uh.edu."}, {"affiliation": "Materials Science and Engineering Program, University of Houston, Houston, TX, 77204, USA. mrahimi@uh.edu."}]}}]}, "authorIdList": {"authorId": [{"@type": "ORCID", "#text": "0000-0001-7857-0685"}, {"@type": "ORCID", "#text": "0000-0003-4443-6239"}, {"@type": "ORCID", "#text": "0009-0000-7096-6546"}]}, "dataLinksTagsList": {"dataLinkstag": "altmetrics"}, "journalInfo": {"issue": "1", "volume": "16", "journalIssueId": "3968953", "dateOfPublication": "2025 Jul", "monthOfPublication": "7", "yearOfPublication": "2025", "printPublicationDate": "2025-07-01", "journal": {"title": "Nature communications", "ISOAbbreviation": "Nat Commun", "medlineAbbreviation": "Nat Commun", "NLMid": "101528555", "ISSN": "2041-1723", "ESSN": "2041-1723"}}, "pubYear": "2025", "pageInfo": "6333", "abstractText": "Electrochemical carbon capture (ECC) processes offer efficient, scalable, and modular alternatives to conventional thermal-based methods. Among ECCs, electrochemically mediated amine regeneration (EMAR) reached higher technology readiness levels, moving from small-scale laboratory studies toward pilot-scale implementations. Previous EMAR systems rely on ion-selective membranes, which contribute significantly to the cost and present challenges for long-term operation. This study presents a membraneless EMAR system by fundamentally redesigning the process configuration and using gas diffusion electrodes (GDEs) as both the anode and cathode. This setup eliminates the membrane and the need for additional equipment such as the absorption column, flash tank, and pumps, significantly reducing the process footprint and simplifying the flow diagram. Two GDE configurations, mesh-attached and electrodeposited, are tested and compared in terms of CO<sub>2</sub> removal efficiency, current density, and energy consumption. Electrodeposited GDEs achieve CO<sub>2</sub> removal efficiencies above 90% with energy consumption as low as 60\u2009kJ/mol CO<sub>2</sub>. A techno-economic analysis estimates a levelized cost of capture of ~$70/tonneCO<sub>2</sub>, compared to $137/tonneCO<sub>2</sub> for conventional EMAR. Further improvements in current density and removal efficiency may enable costs below $50/tonneCO<sub>2</sub>. These results position the membraneless EMAR as a potentially promising approach for cost-effective and scalable point-source carbon capture.", "affiliation": "Department of Civil and Environmental Engineering, University of Houston, Houston, TX, 77204, USA.", "publicationStatus": "epublish", "language": "eng", "pubModel": "Electronic", "pubTypeList": {"pubType": ["research-article", "Journal Article"]}, "subsetList": {"subset": {"code": "IM", "name": "Index Medicus"}}, "fullTextUrlList": {"fullTextUrl": [{"availability": "Subscription required", "availabilityCode": "S", "documentStyle": "doi", "site": "DOI", "url": "https://doi.org/10.1038/s41467-025-61525-3"}, {"availability": "Open access", "availabilityCode": "OA", "documentStyle": "html", "site": "Europe_PMC", "url": "https://europepmc.org/articles/PMC12241579"}, {"availability": "Open access", "availabilityCode": "OA", "documentStyle": "pdf", "site": "Europe_PMC", "url": "https://europepmc.org/articles/PMC12241579?pdf=render"}]}, "isOpenAccess": "Y", "inEPMC": "Y", "inPMC": "Y", "hasPDF": "Y", "hasBook": "N", "hasSuppl": "Y", "citedByCount": "0", "hasData": "Y", "hasReferences": "Y", "hasTextMinedTerms": "Y", "hasDbCrossReferences": "N", "hasLabsLinks": "Y", "license": "cc by-nc-nd", "hasEvaluations": "N", "authMan": "N", "epmcAuthMan": "N", "nihAuthMan": "N", "hasTMAccessionNumbers": "N", "dateOfCreation": "2025-07-09", "firstIndexDate": "2025-07-10", "fullTextReceivedDate": "2025-07-12", "dateOfRevision": "2025-07-12", "electronicPublicationDate": "2025-07-09", "firstPublicationDate": "2025-07-09"}